{"current":{"colors_solid_button_labels":"#5b7559","colors_accent_1":"#1e1e1e","gradient_accent_1":"","colors_accent_2":"#767567","gradient_accent_2":"","colors_accent_3":"#ffffff","colors_text":"#000000","colors_border":"#b4b4b4","colors_outline_button_labels":"#ffffff","colors_background_1":"#f5f4e6","gradient_background_1":"","colors_background_2":"#5b7559","gradient_background_2":"","colors_background_3":"#073601","overlay_color":"#5b7559","preloader_enable":false,"preloader":"shopify:\/\/shop_images\/boom.webp","type_header_font":"dm_sans_n4","heading_scale":100,"custom_font_script_1":"@import url('https:\/\/fonts.googleapis.com\/css2?family=Gentium+Book+Plus:wght@400;700&display=swap');","custom_font_family_1":"'Gentium Book Plus', serif;","type_body_font":"dm_sans_n4","body_scale":100,"custom_font_script_2":"","custom_font_family_2":"","type_additional_font":"dm_sans_n4","custom_font_script_3":"","custom_font_family_3":"","display_color_variant":true,"display_item_size":true,"enable_timer":true,"enable_wishlist":true,"enable_compare":false,"enable_quickview":false,"enable_quickadd":true,"enable_scroll_to_top":true,"offer_price_enable":false,"title-icon":"shopify:\/\/shop_images\/title-icon.png","page_width":1640,"page_width_laptop":1200,"page_width_tab":960,"page_full_width_spacing":4,"spacing_sections":0,"spacing_grid_horizontal":40,"spacing_grid_vertical":40,"sidebar_width":320,"buttons_border_thickness":0,"buttons_border_opacity":100,"buttons_radius":40,"buttons_shadow_opacity":0,"buttons_shadow_horizontal_offset":0,"buttons_shadow_vertical_offset":0,"buttons_shadow_blur":0,"variant_pills_border_thickness":0,"variant_pills_border_opacity":55,"variant_pills_radius":0,"variant_pills_shadow_opacity":0,"variant_pills_shadow_horizontal_offset":0,"variant_pills_shadow_vertical_offset":4,"variant_pills_shadow_blur":5,"inputs_border_thickness":1,"inputs_border_opacity":100,"inputs_radius":36,"inputs_shadow_opacity":0,"inputs_shadow_horizontal_offset":0,"inputs_shadow_vertical_offset":0,"inputs_shadow_blur":0,"card_style":"card_with_icons","card_image_padding":0,"card_text_alignment":"left","card_color_scheme":"background-1","card_border_thickness":0,"card_border_opacity":0,"card_corner_radius":0,"card_shadow_opacity":0,"card_shadow_horizontal_offset":0,"card_shadow_vertical_offset":0,"card_shadow_blur":30,"text_boxes_border_thickness":0,"text_boxes_border_opacity":10,"text_boxes_radius":0,"text_boxes_shadow_opacity":0,"text_boxes_shadow_horizontal_offset":0,"text_boxes_shadow_vertical_offset":4,"text_boxes_shadow_blur":5,"media_border_thickness":0,"media_border_opacity":0,"media_radius":0,"media_shadow_opacity":0,"media_shadow_horizontal_offset":0,"media_shadow_vertical_offset":4,"media_shadow_blur":5,"popup_border_thickness":0,"popup_border_opacity":0,"popup_corner_radius":0,"popup_shadow_opacity":20,"popup_shadow_horizontal_offset":6,"popup_shadow_vertical_offset":6,"popup_shadow_blur":10,"drawer_border_thickness":1,"drawer_border_opacity":45,"drawer_shadow_opacity":0,"drawer_shadow_horizontal_offset":0,"drawer_shadow_vertical_offset":4,"drawer_shadow_blur":0,"badge_position":"top-left","badge_corner_radius":40,"sale_badge_color_scheme":"accent-1","sold_out_badge_color_scheme":"background-1","accent_icons":"accent-1","use_breadcrumb_title":true,"breadcrumb_image":"shopify:\/\/shop_images\/bg-footer_1.jpg","breadcrumb_style":"center","image_overlay_opacity":36,"breadcrumb_padding_top":100,"breadcrumb_padding_bottom":100,"breadcrumb_margin_bottom":0,"social_twitter_link":"https:\/\/twitter.com\/","social_facebook_link":"https:\/\/www.facebook.com\/","social_pinterest_link":"","social_instagram_link":"https:\/\/www.instagram.com\/","social_tiktok_link":"","social_tumblr_link":"","social_snapchat_link":"","social_youtube_link":"","social_vimeo_link":"","predictive_search_enabled":true,"predictive_search_show_vendor":false,"predictive_search_show_price":true,"search_tags":"featured, trendy, sale, new","search_collection":"frontpage","swiper_enable":true,"centered_slide":false,"swiper_pagination":false,"swiper_navigation":false,"show_secondary_image":true,"show_new_tag":true,"show_rating":true,"favicon":"shopify:\/\/shop_images\/title-icon.png","flash-text1":"🔥 Welcome to Framework","flash-text2":"Come back! 🔥","currency_code_enabled":false,"cart_type":"page","show_vendor":true,"show_cart_note":true,"show_gift_wrap":true,"show_shipping_info":true,"show_discount_option":true,"goal":5000,"cart_drawer_collection":"","footer_type":"style1","checkout_logo_image":"shopify:\/\/shop_images\/header_logo.png","checkout_logo_position":"left","checkout_body_background_color":"#f5f4e6","checkout_sidebar_background_color":"#f5f4e6","checkout_accent_color":"#073601","checkout_button_color":"#5b7559","button_style":"button","enable_cart_icon":false,"enable_search":false,"enable_stock_status_bar":false,"sections":{"announcement-bar":{"type":"announcement-bar","blocks":{"announcement-bar-0":{"type":"announcement","settings":{"text":"Free Shipping on Orders over $140","link":""}},"26a5b632-ccfe-4348-b599-1e87c2b86bce":{"type":"announcement","settings":{"text":"40% OFF Store Wide Use Code : MYSTIC","link":""}},"6785f306-a6b1-4f8d-abdc-7f21d70a632f":{"type":"announcement","settings":{"text":"One Day Delivery Available in US","link":""}}},"block_order":["announcement-bar-0","26a5b632-ccfe-4348-b599-1e87c2b86bce","6785f306-a6b1-4f8d-abdc-7f21d70a632f"],"settings":{"color_scheme":"background-2","disable_announcement_bar":false,"disable_announcement_bar_mobile":true}},"header":{"type":"header","blocks":{"2b791c78-36aa-4c3c-a4a3-410435975699":{"type":"promo_image","settings":{"mega_1":"Shop","mega_columns":"three-column","row_reverse":false,"enable_custom_width":false,"custom_megamenu_width":47,"title_1":"","button_1":"","link_1":"","title_2":"","button_2":"","link_2":"","title_3":"","button_3":"","link_3":"","title_4":"","button_4":"","link_4":""}},"dfbc7b57-990f-4de9-bb80-5b941d017fd1":{"type":"promo_image","settings":{"mega_1":"","mega_columns":"four-column","row_reverse":false,"enable_custom_width":false,"custom_megamenu_width":84,"title_1":"","button_1":"","link_1":"","title_2":"","button_2":"","link_2":"","title_3":"","button_3":"","link_3":"","title_4":"","button_4":"","link_4":""}},"3d73f381-3e65-4806-b200-11cb74b66c19":{"type":"brands","settings":{"mega_1":"","mega_columns":"five-column","row_reverse":false,"enable_custom_width":false,"custom_megamenu_width":50,"link_1_text":"Demo 1","link_1":"\/","link_2_text":"Demo 2","link_2":"\/","link_3_text":"Demo3","link_3":"\/","link_4_text":"Demo4","link_4":"\/","link_5_text":"Demo5","link_5":"\/","link_6_text":"","link_6":"","link_7_text":"","link_7":"","link_8_text":"","link_8":"","link_9_text":"","link_9":"","link_10_text":"","link_10":""}},"8d549f28-1194-4b48-b84d-0725840b14c7":{"type":"tab","settings":{"mega_1":"About US","row_reverse":false,"enable_custom_width":false,"custom_megamenu_width":75,"tab-menu":"vertical","tab1_heading":"Headding","tab1":"","tab1_columns":"four-column","row_reverse_tab1":false,"tab2_heading":"Headding","tab2":"","tab2_columns":"four-column","row_reverse_tab2":false,"tab3_heading":"Headding","tab3":"","tab3_columns":"four-column","row_reverse_tab3":false,"tab4_heading":"Headding","tab4":"","tab4_columns":"four-column","row_reverse_tab4":false,"tab5_heading":"Headding","tab5":"","tab5_columns":"four-column","row_reverse_tab5":false}},"5a9a0c89-b27c-44b1-b651-5d0ec17484b4":{"type":"promo_image","settings":{"mega_1":"","mega_columns":"five-column","row_reverse":false,"enable_custom_width":false,"custom_megamenu_width":75,"title_1":"Upto 70%","button_1":"Shop Now","link_1":"\/","title_2":"","button_2":"","link_2":"","title_3":"","button_3":"","link_3":"","title_4":"","button_4":"","link_4":""}}},"block_order":["2b791c78-36aa-4c3c-a4a3-410435975699","dfbc7b57-990f-4de9-bb80-5b941d017fd1","3d73f381-3e65-4806-b200-11cb74b66c19","8d549f28-1194-4b48-b84d-0725840b14c7","5a9a0c89-b27c-44b1-b651-5d0ec17484b4"],"settings":{"page_full_width":true,"page_full_width_spacing":true,"color_scheme":"accent-1","logo":"shopify:\/\/shop_images\/header_logo.png","logo_width":200,"logo_position":"middle-left","menu_alignment":"left","menu":"main-menu","show_secondary_menu":false,"secondary_menu":"","mobile_screen_width":"1200","show_line_separator":true,"enable_sticky_header":false,"enable_transparent_header":true,"enable_country_selector":false,"enable_language_selector":false,"search_style":"search_icon","show_header_wishlist":true,"show_header_compare":false,"show_account":true,"show_header_cart":true,"header_icon_type":"icon","show_category_menu":false,"category_heading":"All categories","category_menu":"","margin_bottom":0,"enable_sale":true,"sale_txt":"Sale","sale_tags":"product","enable_new":true,"new_txt":"New","new_tags":"shop infinite scroll","enable_hot":true,"hot_txt":"Hot","hot_tags":"","dropdown_style":"fullwidth_dropdown"}},"footer":{"type":"footer","blocks":{"872fb711-49d8-4e35-bc16-d8e2e3131ec4":{"type":"text","settings":{"image":"shopify:\/\/shop_images\/Group_127971.png","heading":"Contact Us Anytime !","subtext":"<p>Share contact information, store details, and brand content with your customers.<\/p>","alignment":"left","column_width":21}},"8c88a831-9d3f-4039-9e74-6f7b20caa8ff":{"type":"link_list","settings":{"heading":"About","menu":"information","alignment":"left","list_style":"vertical","column_width":19}},"1799d918-6b7b-4ad3-9b55-2ad8975d943b":{"type":"link_list","settings":{"heading":"Quick links","menu":"support","alignment":"left","list_style":"vertical","column_width":22}},"dc1fe050-cc87-40ca-bc4e-bdb5ee8f4ab7":{"type":"address","settings":{"address_heading":"Contact info","footer_address":"1222, 13 One arlington Avenue ,USA","footer_contact_no":"+000123456789","footer_contact_id":"example@gmail.com","office_hours":"","alignment":"left","column_width":26}}},"block_order":["872fb711-49d8-4e35-bc16-d8e2e3131ec4","8c88a831-9d3f-4039-9e74-6f7b20caa8ff","1799d918-6b7b-4ad3-9b55-2ad8975d943b","dc1fe050-cc87-40ca-bc4e-bdb5ee8f4ab7"],"settings":{"page_full_width":false,"page_full_width_spacing":false,"color_scheme":"background-2","show_social":false,"copyright_content":"<p>All Right Reserved © 2023 <a href=\"https:\/\/themeforest.net\/user\/designthemes\/portfolio?direction=desc&order_by=sortable_at&view=grid\" target=\"_blank\" title=\"Design themes\">Designthemes<\/a><\/p>","payment_enable":true,"footer_default":false,"enable_follow_on_shop":true,"margin_top":52,"padding_top":80,"padding_bottom":36}},"main-password-header":{"type":"main-password-header","settings":{"logo":"shopify:\/\/shop_images\/header_logo.png","logo_max_width":200,"color_scheme":"background-1"}},"main-password-footer":{"type":"main-password-footer","settings":{"color_scheme":"background-1"}},"suggested-products":{"type":"suggested-products","blocks":{"a4ab6c6f-a1de-4166-8ecc-4cb9642b61db":{"type":"image","settings":{"product":"full-spectrum-cbd-infused-lotion","from":"","time":"9 Minutes ago"}},"0b05e90a-7ec9-4eaa-89f5-bd2c106772c3":{"type":"image","settings":{"product":"anti-aging-full-spectrum-cream","from":"Texas","time":"40 Minutes ago"}}},"block_order":["a4ab6c6f-a1de-4166-8ecc-4cb9642b61db","0b05e90a-7ec9-4eaa-89f5-bd2c106772c3"],"settings":{"display_recent_purchase":true,"placement":"left","text":"Someone purchased"}},"cookie-banner":{"type":"cookie-banner","settings":{"show_gdpr":true,"style":"right","color_scheme":"background-1","text":"The cookie settings on this website are set to \"allow all cookies\" to give you the very best experience. Please click Accept Cookies to continue to use the site.","accept":"Privacy policy","decline":"Accept cookies","button_padding":"10px 20px 10px 20px"}},"newsletter-modal":{"type":"newsletter-modal","blocks":{"ad2319a5-3b0a-4abe-8f83-a627ca9b3c2c":{"type":"heading","settings":{"heading":"Always First."}},"03297923-22c8-4e4e-bcf4-b26fb6693c69":{"type":"paragraph","settings":{"paragraph":"<p>Nulla tincidunt convallis bibendum. Duis sed risus cipit justo Integer neque felis, egestas a euismod in pulvinar.<\/p>"}},"8b169acd-6538-4ffb-8180-993928abf105":{"type":"email_form","settings":{}}},"block_order":["ad2319a5-3b0a-4abe-8f83-a627ca9b3c2c","03297923-22c8-4e4e-bcf4-b26fb6693c69","8b169acd-6538-4ffb-8180-993928abf105"],"settings":{"color_scheme":"accent-2","modal_bg_opacity":"0.6","enable_newsletter_modal":false,"cookie_expires":1,"cookie_modal_delay":"5000","block_text_align":"text-start","modal_bg_image":"shopify:\/\/shop_images\/AdobeStock_578508543_1_9f9456a2-88e7-4707-9790-9cb34ebe8497.jpg","enable_social_icon":true}},"top-bar":{"type":"top-bar","blocks":{"e494f162-36b7-4ed8-abfc-fee6e13bd9a0":{"type":"announcement","settings":{"text":"Welcome to our store","link":""}},"57066741-17b7-4002-a51d-6c5a1c480ed7":{"type":"announcement","settings":{"text":"Welcome to our store","link":""}},"34772b35-9813-48a5-baa7-b8190480b3c9":{"type":"announcement","settings":{"text":"Welcome to our store","link":""}}},"block_order":["e494f162-36b7-4ed8-abfc-fee6e13bd9a0","57066741-17b7-4002-a51d-6c5a1c480ed7","34772b35-9813-48a5-baa7-b8190480b3c9"],"settings":{"disable_announcement_bar":true,"disable_announcement_bar_mobile":true,"announcement_color_scheme":"inverse","page_full_width":true,"page_full_width_spacing":true,"top_bar_color_scheme":"accent-1","disable_topbar":true,"disable_topbar_mobile":true,"top_bar_alignment":"left","header_mail":"mail@somedomain.com","header_phone":"+91 987654321","text":"Free Shipping on Orders over $140","enable_text_icon":false,"link_text":"","link":"","show_social":true,"enable_country_selector":false,"enable_language_selector":false}},"footer_style1":{"type":"footer_style1","blocks":{"279075b7-1903-49b9-aff2-cbaa285a2f91":{"type":"text","settings":{"image":"shopify:\/\/shop_images\/Group_127971.png","heading":"How can we Help you contact us anytime","subtext":"","alignment":"center","column_width":25}},"footer_style1-0":{"type":"link_list","settings":{"heading":"Information","menu":"information","alignment":"","list_style":"vertical","column_width":16}},"23ddf3e1-de11-4185-a308-e181892b515c":{"type":"link_list","settings":{"heading":"Support","menu":"support","alignment":"","list_style":"vertical","column_width":22}},"0d0fc599-5ae2-45ad-8102-09b31c293255":{"type":"address","settings":{"address_heading":"Contact info","footer_address":"","footer_contact_no":"","footer_contact_id":"","office_hours":"","alignment":"left","column_width":33}}},"block_order":["279075b7-1903-49b9-aff2-cbaa285a2f91","footer_style1-0","23ddf3e1-de11-4185-a308-e181892b515c","0d0fc599-5ae2-45ad-8102-09b31c293255"],"settings":{"page_full_width":false,"page_full_width_spacing":false,"color_scheme":"background-2","show_social":true,"show_usd":false,"copyright_content":"<p>All Right Reserved © 2023 Designthemes<\/p>","payment_enable":true,"footer_default":false,"border_right":false,"margin_top":0,"padding_top":60,"padding_bottom":60}},"footer_style2":{"type":"footer_style2","blocks":{"d85fbe91-23cd-45c0-9022-7e5745232243":{"type":"newsletter","settings":{"sub_heading":"Newsletter","heading":"Join Our Community And Get 20% Off On Your First Order","newsletter_subtext":"","alignment":"center","enable_socialicon":true}}},"block_order":["d85fbe91-23cd-45c0-9022-7e5745232243"],"settings":{"page_full_width":false,"page_full_width_spacing":false,"color_scheme":"background-2","image":"shopify:\/\/shop_images\/bg-footer_1.jpg","show_social":true,"show_usd":false,"show_footer_bottom":false,"copyright_content":"<p>All Right Reserved © 2023 Designthemes<\/p>","payment_enable":true,"footer_default":true,"border_right":false,"margin_top":0,"padding_top":80,"padding_bottom":80}},"footer_style3":{"type":"footer_style3","blocks":{"b253cadd-e46c-4b5c-b5f7-7eb84a92988a":{"type":"address","settings":{"address_heading":"Our Social Circle","footer_address":"Nulla tincidunt convallis bibendum. Sed estas, massa a molestie fac ilisis nisi purus vestibulum","footer_contact_no":"","footer_contact_id":"","office_hours":"","enable_socialicon":true,"alignment":"left"}},"a7817e3b-b4ba-4fb9-9181-073b8dc38c6e":{"type":"link_list","settings":{"heading":"Know Us","menu":"footer","alignment":"left","list_style":"vertical"}},"3d388e38-c98c-4234-89f3-84dfe340d3f7":{"type":"link_list","settings":{"heading":"Useful Links","menu":"categoires","alignment":"left","list_style":"vertical"}},"bd11441b-83e5-4381-bcc2-4a9431cfe4d7":{"type":"link_list","settings":{"heading":"Information","menu":"information","alignment":"left","list_style":"vertical"}}},"block_order":["b253cadd-e46c-4b5c-b5f7-7eb84a92988a","a7817e3b-b4ba-4fb9-9181-073b8dc38c6e","3d388e38-c98c-4234-89f3-84dfe340d3f7","bd11441b-83e5-4381-bcc2-4a9431cfe4d7"],"settings":{"page_full_width":false,"page_full_width_spacing":false,"color_scheme":"background-2","show_social":true,"show_usd":true,"show_footer_bottom":true,"copyright_content":"<p><strong>©<\/strong> 2023 <a href=\"https:\/\/wedesignthemes.com\/\" target=\"_blank\" title=\"https:\/\/wedesignthemes.com\/\">WeDesignTech<\/a>. All Rights Reserved.<\/p>","payment_enable":true,"footer_default":false,"border_right":false,"show_bottom-icon":false,"margin_top":0,"padding_top":48,"padding_bottom":48}},"footer_style4":{"type":"footer_style4","blocks":{"de2c6d24-4ecb-4c3b-84cf-0891e5eb26a8":{"type":"newsletter","settings":{"sub_heading":"","heading":"SIGN UP TO NEWSLETTER","newsletter_subtext":"<p>Share contact information, store details, and brand content with your customers.<\/p>","alignment":"left","enable_socialicon":false}},"f208ac9e-4181-41d5-bef4-6ad75b852d6a":{"type":"link_list","settings":{"heading":"CONTACT","menu":"footer","alignment":"left","list_style":"vertical"}},"4bd12437-1dd9-4ea8-8e13-58a67b4d67c4":{"type":"link_list","settings":{"heading":"Quick links","menu":"footer","alignment":"left","list_style":"vertical"}},"fef11a17-7306-4df0-9fa8-e4fb343e5ae6":{"type":"link_list","settings":{"heading":"Quick links","menu":"footer","alignment":"left","list_style":"vertical"}}},"block_order":["de2c6d24-4ecb-4c3b-84cf-0891e5eb26a8","f208ac9e-4181-41d5-bef4-6ad75b852d6a","4bd12437-1dd9-4ea8-8e13-58a67b4d67c4","fef11a17-7306-4df0-9fa8-e4fb343e5ae6"],"settings":{"page_full_width":false,"page_full_width_spacing":false,"color_scheme":"background-1","show_social":false,"show_usd":false,"show_footer_bottom":false,"payment_enable":true,"footer_default":false,"border_right":true,"margin_top":0,"padding_top":36,"padding_bottom":36}}},"content_for_index":[],"blocks":{"14060646107696862457":{"type":"shopify:\/\/apps\/judge-me-reviews\/blocks\/judgeme_core\/61ccd3b1-a9f2-4160-9fe9-4fec8413e5d8","disabled":false,"settings":{}}}},"presets":{"Default":{"colors_solid_button_labels":"#ffffff","colors_accent_1":"#121212","gradient_accent_1":"","colors_accent_2":"#334fb4","gradient_accent_2":"","colors_text":"#121212","colors_outline_button_labels":"#121212","colors_background_1":"#ffffff","gradient_background_1":"","colors_background_2":"#f3f3f3","gradient_background_2":"","type_header_font":"assistant_n4","heading_scale":100,"type_body_font":"assistant_n4","body_scale":100,"page_width":1200,"spacing_sections":0,"spacing_grid_horizontal":8,"spacing_grid_vertical":8,"buttons_border_thickness":1,"buttons_border_opacity":100,"buttons_radius":0,"buttons_shadow_opacity":0,"buttons_shadow_horizontal_offset":0,"buttons_shadow_vertical_offset":4,"buttons_shadow_blur":5,"variant_pills_border_thickness":1,"variant_pills_border_opacity":55,"variant_pills_radius":40,"variant_pills_shadow_opacity":0,"variant_pills_shadow_horizontal_offset":0,"variant_pills_shadow_vertical_offset":4,"variant_pills_shadow_blur":5,"inputs_border_thickness":1,"inputs_border_opacity":55,"inputs_radius":0,"inputs_shadow_opacity":0,"inputs_shadow_horizontal_offset":0,"inputs_shadow_vertical_offset":4,"inputs_shadow_blur":5,"card_style":"standard","card_image_padding":0,"card_text_alignment":"left","card_color_scheme":"background-2","card_border_thickness":0,"card_border_opacity":10,"card_corner_radius":0,"card_shadow_opacity":0,"card_shadow_horizontal_offset":0,"card_shadow_vertical_offset":4,"card_shadow_blur":5,"text_boxes_border_thickness":0,"text_boxes_border_opacity":10,"text_boxes_radius":0,"text_boxes_shadow_opacity":0,"text_boxes_shadow_horizontal_offset":0,"text_boxes_shadow_vertical_offset":4,"text_boxes_shadow_blur":5,"media_border_thickness":1,"media_border_opacity":5,"media_radius":0,"media_shadow_opacity":0,"media_shadow_horizontal_offset":0,"media_shadow_vertical_offset":4,"media_shadow_blur":5,"popup_border_thickness":1,"popup_border_opacity":10,"popup_corner_radius":0,"popup_shadow_opacity":0,"popup_shadow_horizontal_offset":0,"popup_shadow_vertical_offset":4,"popup_shadow_blur":5,"drawer_border_thickness":1,"drawer_border_opacity":10,"drawer_shadow_opacity":0,"drawer_shadow_horizontal_offset":0,"drawer_shadow_vertical_offset":4,"drawer_shadow_blur":5,"badge_position":"bottom left","badge_corner_radius":40,"sale_badge_color_scheme":"accent-2","sold_out_badge_color_scheme":"inverse","accent_icons":"text","social_twitter_link":"","social_facebook_link":"","social_pinterest_link":"","social_instagram_link":"","social_tiktok_link":"","social_tumblr_link":"","social_snapchat_link":"","social_youtube_link":"","social_vimeo_link":"","predictive_search_enabled":true,"predictive_search_show_vendor":false,"predictive_search_show_price":false,"currency_code_enabled":true,"sections":{"announcement-bar":{"type":"announcement-bar","blocks":{"announcement-bar-0":{"type":"announcement","settings":{"text":"Welcome to our store","link":""}}},"block_order":["announcement-bar-0"],"settings":{}},"header":{"type":"header","settings":{"color_scheme":"background-1","logo_width":90,"logo_position":"middle-left","menu":"main-menu","show_line_separator":true,"enable_sticky_header":true,"margin_bottom":0}},"footer":{"type":"footer","blocks":{"footer-0":{"type":"link_list","settings":{"heading":"Quick links","menu":"footer"}},"footer-1":{"type":"link_list","settings":{"heading":"Info","menu":"footer"}},"footer-2":{"type":"text","settings":{"heading":"Our mission","subtext":"<p>Share contact information, store details, and brand content with your customers.<\/p>"}}},"block_order":["footer-0","footer-1","footer-2"],"settings":{"color_scheme":"background-1","show_social":true,"payment_enable":true,"margin_top":48,"padding_top":36,"padding_bottom":36}},"main-password-header":{"type":"main-password-header","settings":{"logo_max_width":100,"color_scheme":"background-1"}},"main-password-footer":{"type":"main-password-footer","settings":{"color_scheme":"background-1"}}}}},"platform_customizations":{"custom_css":[".bg-color-coal-black {background-color: #36454f;}"]}}