{"sections":{"main":{"type":"main-article","blocks":{"title":{"type":"title","settings":{"blog_show_date":true,"blog_show_author":true}},"featured_image":{"type":"featured_image","settings":{"image_height":"medium"}},"content":{"type":"content","settings":{}}},"block_order":["title","featured_image","content"],"settings":{"page_full_width":false,"page_full_width_spacing":false,"padding_top":80,"padding_bottom":0,"show_articles":true,"side_show_excerpts":true,"article_title":"Recent posts","limit":3,"show_tags":true,"tags_title":"Tags","sidebar_settings":"no-sidebar","show_social":true,"show_promo":false,"sidebar_title":"","sidebar_link_text":"","sidebar_link":"","show_collection":false,"collection_title":"Recent posts","collection":"","collection_limit":5,"show_menu":true,"menu_title":"Categories","linklist":"main-menu"}},"ccbd9f81-c067-4d58-beb1-ef6821fddc62":{"type":"breadcrumb","disabled":true,"settings":{"page_full_width":false,"page_full_width_spacing":false,"use_breadcrumb_title":false,"breadcrumb_style":"start","image_overlay_opacity":40,"color_scheme":"background-1","padding_top":100,"padding_bottom":0}}},"order":["main","ccbd9f81-c067-4d58-beb1-ef6821fddc62"]}