{"sections":{"d90c6ae5-805f-45e7-920e-cac7a7475e5d":{"type":"breadcrumb","settings":{"page_full_width":false,"page_full_width_spacing":false,"use_breadcrumb_title":true,"breadcrumb_style":"center","image_overlay_opacity":40,"color_scheme":"background-1","padding_top":100,"padding_bottom":100}},"cart-items":{"type":"main-cart-items","settings":{"padding_top":0,"padding_bottom":0}},"cart-footer":{"type":"main-cart-footer","blocks":{"subtotal":{"type":"subtotal","settings":{}},"buttons":{"type":"buttons","settings":{}}},"block_order":["subtotal","buttons"],"settings":{"padding_top":0,"padding_bottom":0}},"featured-collection":{"type":"featured-collection","disabled":true,"settings":{"page_full_width":false,"page_full_width_spacing":false,"title":"Featured collection","heading_size":"h2","sub_heading":"","description":"","button_label":"","button_link":"","button_style_secondary":false,"column_alignment":"left","collection":"all","products_to_show":4,"columns_desktop":4,"show_view_all":false,"view_all_style":"solid","color_scheme":"background-1","image_ratio":"square","show_secondary_image":false,"show_vendor":false,"show_new_tag":false,"show_rating":false,"padding_top":100,"padding_bottom":0,"custom_class_name":"","swiper_enable":false,"desktop_column":4,"tablet_column":3,"mobile_column":1,"centered_slide":false,"swiper_pagination":false,"swiper_navigation":false,"auto_play":0,"swipe_on_mobile":false,"arrow_on_mobile":false,"columns_mobile":"1"}}},"order":["d90c6ae5-805f-45e7-920e-cac7a7475e5d","cart-items","cart-footer","featured-collection"]}