{"sections":{"main":{"type":"main-page","settings":{"page_full_width":false,"page_full_width_spacing":false,"padding_top":100,"padding_bottom":40}},"1663905094553d81ae":{"type":"multicolumn","blocks":{"1663905094d859ffee-0":{"type":"column","settings":{"block_color_scheme":"background-1","title":"Reliable Music","text":"<p>Adipiscing diam donec adipiscing tristique risus nec feugiat in sit amet sit amet justo<\/p>","link_label":"","link":"","icon_class":false}},"1663905094d859ffee-1":{"type":"column","settings":{"block_color_scheme":"background-1","title":"Soft Rhythm","text":"<p>Ultrices mi tempus imperdiet nulla malesuada pellentesque elit.Aliquam faucibus massa purusets<\/p>","link_label":"","link":"","icon_class":false}}},"block_order":["1663905094d859ffee-0","1663905094d859ffee-1"],"disabled":true,"settings":{"page_full_width":false,"page_full_width_spacing":false,"title":"Explore Our Collections","heading_size":"h1","sub_heading":"Sub Heading","description":"Use This Text To Share The Information Which You Like!.","button_label":"","button_link":"","button_style_secondary":false,"image_width":"full","image_ratio":"adapt","columns_desktop":2,"column_alignment":"center","background_style":"none","color_scheme":"inverse","enable_overlay":false,"padding_top":100,"padding_bottom":100,"custom_class_name":"multicolumn-overlay","swiper_enable":false,"desktop_column":4,"laptop_column":4,"tablet_column":3,"mobile_column":1,"centered_slide":false,"swiper_pagination":false,"swiper_navigation":false,"auto_play":0,"swipe_on_mobile":false,"arrow_on_mobile":false,"columns_mobile":"1"}},"166390473706e7065a":{"type":"image-with-text","blocks":{"16639047371bf77667-0":{"type":"heading","settings":{"heading":"Music Therapy","heading_size":"h1"}},"16639047371bf77667-1":{"type":"text","settings":{"text":"<p>Interdum velit laoreet id donec ultrices tincidunt arcu non. Justo laoreet sitamet cursus sit amet dictumsita.<\/p>","text_style":"body"}},"16639047371bf77667-2":{"type":"button","settings":{"button_label":"Read More","button_link":"shopify:\/\/collections"}}},"block_order":["16639047371bf77667-0","16639047371bf77667-1","16639047371bf77667-2"],"settings":{"page_full_width":false,"page_full_width_spacing":false,"height":"adapt","desktop_image_width":"medium","layout":"image_first","desktop_content_position":"middle","desktop_content_alignment":"left","content_layout":"no-overlap","color_scheme":"background-1","mobile_content_alignment":"left","padding_top":100,"padding_bottom":0,"custom_class_name":"image-text-overlay"}},"1663904812be00b15d":{"type":"image-with-text","blocks":{"1663904812d57c36b3-0":{"type":"heading","settings":{"heading":"Fuse Music","heading_size":"h1"}},"1663904812d57c36b3-1":{"type":"text","settings":{"text":"<p>Diam sollicitudin tempor id eu nisl nunc mi ipsum. Nam aliquam sem et tortor consequat id porta tortornih.<\/p>","text_style":"body"}},"1663904812d57c36b3-2":{"type":"button","settings":{"button_label":"Read More","button_link":"shopify:\/\/collections"}}},"block_order":["1663904812d57c36b3-0","1663904812d57c36b3-1","1663904812d57c36b3-2"],"settings":{"page_full_width":false,"page_full_width_spacing":false,"height":"adapt","desktop_image_width":"medium","layout":"text_first","desktop_content_position":"middle","desktop_content_alignment":"right","content_layout":"no-overlap","color_scheme":"background-1","mobile_content_alignment":"left","padding_top":0,"padding_bottom":100,"custom_class_name":"image-text-overlay"}},"16639044034b2f7fcc":{"type":"multicolumn","blocks":{"2a7b146f-ab68-430d-97dc-49488a10e014":{"type":"column","settings":{"block_color_scheme":"background-1","title":"Ala Olivia","text":"<p>CEO<\/p>","link_label":"","link":"","icon_class":false}},"1663904402b3b3b560-0":{"type":"column","settings":{"block_color_scheme":"background-1","title":"George Leo","text":"<p>Project Manager<\/p>","link_label":"","link":"","icon_class":false}},"1663904402b3b3b560-1":{"type":"column","settings":{"block_color_scheme":"background-1","title":"Amelia Jacky","text":"<p>Production Controller<\/p>","link_label":"","link":"","icon_class":false}},"1663904402b3b3b560-2":{"type":"column","settings":{"block_color_scheme":"background-1","title":"Daniel Arthur","text":"<p>Store Manager<\/p>","link_label":"","link":"","icon_class":false}}},"block_order":["2a7b146f-ab68-430d-97dc-49488a10e014","1663904402b3b3b560-0","1663904402b3b3b560-1","1663904402b3b3b560-2"],"settings":{"page_full_width":false,"page_full_width_spacing":false,"title":"Our team","heading_size":"h1","sub_heading":"Sub Heading","description":"Use This Text To Share The Information Which You Like!.","button_label":"","button_link":"","button_style_secondary":false,"image_width":"full","image_ratio":"adapt","columns_desktop":4,"column_alignment":"center","background_style":"none","color_scheme":"accent-2","enable_overlay":false,"padding_top":0,"padding_bottom":100,"custom_class_name":"team-members","swiper_enable":false,"desktop_column":4,"laptop_column":4,"tablet_column":3,"mobile_column":1,"centered_slide":false,"swiper_pagination":false,"swiper_navigation":false,"auto_play":0,"swipe_on_mobile":false,"arrow_on_mobile":false,"columns_mobile":"1"}}},"order":["main","1663905094553d81ae","166390473706e7065a","1663904812be00b15d","16639044034b2f7fcc"]}