{"sections":{"main":{"type":"main-page","settings":{"page_full_width":false,"page_full_width_spacing":false,"padding_top":0,"padding_bottom":0}},"breadcrumb_UiTzKT":{"type":"breadcrumb","settings":{"page_full_width":true,"page_full_width_spacing":false,"use_breadcrumb_title":true,"breadcrumb_image":"shopify:\/\/shop_images\/Rectangle_8_1.png","breadcrumb_style":"center","image_overlay_opacity":40,"color_scheme":"background-1","padding_top":36,"padding_bottom":36}},"b2db1803-0a86-42c6-bdf4-3bb0ee61f9b8":{"type":"about-grid-list","blocks":{"6fe28161-723f-47a0-b38b-fb18eedf6836":{"type":"text","settings":{"block_image":"shopify:\/\/shop_images\/Myst-about3.jpg","block_image_1":"shopify:\/\/shop_images\/Myst-about2_1.jpg","block_image_2":"shopify:\/\/shop_images\/Myst-about1.jpg","show_content":true,"block_title":"Premium Product Assurance","enable_title_link":false,"block_sub_title":"About Us","block_description":"Tellus molestie nunc non blandit massa enim nec dui. Vulputate sapien nec sagittis aliquam malesuada bibendum arcu vitae elementum.","show_border_button":false,"block_button_text":"","block_button_link":"","image_heading_link":"","image_1":"shopify:\/\/shop_images\/Indi_1.png","image1_heading":"Indica","image1_text":"Corpora detraxit ut sed, in vitae aliquam vituperata sea.","image_2":"shopify:\/\/shop_images\/Satu_1.png","image2_heading":"Sativa","image2_text":"Neque sodales ut etiam sit amet. Egestas egestas.","image_3":"shopify:\/\/shop_images\/Rude.png","image3_heading":"Ruderalis","image3_text":"fringilla phasellus faucibus interdum scelerisque.","image_4":"shopify:\/\/shop_images\/Hibr.png","image4_heading":"Hibrid","image4_text":"Elit ut aliquam purus sit amet luctus venenatis.","block_color_scheme":"background-1","desktop_content_alignment":"left"}}},"block_order":["6fe28161-723f-47a0-b38b-fb18eedf6836"],"settings":{"page_full_width":false,"page_full_width_spacing":false,"bg_img":"shopify:\/\/shop_images\/Bg.png","title":"","heading_size":"h1","subtitle":"","text_style":"caption-with-letter-spacing","text_size":"medium","column_alignment":"center","background_style":"primary","banner_style":"list","button_label":"Button label","button_link":"","color_scheme":"background-1","grid-align":"normal","padding_top":100,"padding_bottom":80,"custom_class_name":""}},"1105e642-296a-48f5-b7e6-fa5fc4a72d18":{"type":"video","disabled":true,"settings":{"page_full_width":false,"page_full_width_spacing":false,"title":"","heading_size":"h1","sub_heading":"","description":"","button_label":"","button_link":"","button_style_secondary":false,"column_alignment":"center","content_style":"default","enable_image_link":false,"block_video":"https:\/\/www.w3schools.com\/tags\/mov_bbb.mp4","video_icon_color":"","color_scheme":"background-1","padding_top":100,"padding_bottom":80}},"9140827b-fc23-4072-9198-fae6cf507d62":{"type":"number-counter","blocks":{"template--16490675044521__9140827b-fc23-4072-9198-fae6cf507d62-icon-2":{"type":"icon","settings":{"image":"shopify:\/\/shop_images\/Indi_1.png","title":"","text":"CBD Products","value":"12","value_text":"K","column_alignment":"center"}},"9829b80c-e365-4ea3-b82f-b5f5391cacb1":{"type":"icon","settings":{"image":"shopify:\/\/shop_images\/Indi_1.png","title":"","text":"Employees","value":"5","value_text":"K","column_alignment":"center"}},"7a0dcfac-182a-43af-9277-44883ba8cab7":{"type":"icon","settings":{"image":"shopify:\/\/shop_images\/Indi_1.png","title":"","text":"Happy Users","value":"20","value_text":"k","column_alignment":"center"}},"a894079d-1b3b-4aae-987a-28af83a0a901":{"type":"icon","settings":{"image":"shopify:\/\/shop_images\/Indi_1.png","title":"","text":"Reviews","value":"50","value_text":"K","column_alignment":"center"}}},"block_order":["template--16490675044521__9140827b-fc23-4072-9198-fae6cf507d62-icon-2","9829b80c-e365-4ea3-b82f-b5f5391cacb1","7a0dcfac-182a-43af-9277-44883ba8cab7","a894079d-1b3b-4aae-987a-28af83a0a901"],"disabled":true,"settings":{"page_full_width":false,"page_full_width_spacing":false,"title":"Number Counter","heading_size":"h1","sub_heading":"","description":"Use This Text To Share The Information Which You Like!.","button_label":"","button_link":"","button_style_secondary":false,"column_alignment":"center","columns_desktop":4,"color_scheme":"background-1","counter_style":"grid","padding_top":80,"padding_bottom":36,"custom_class_name":""}},"231688be-0eb2-4c54-8d5e-ff44610d5ccd":{"type":"specification-block","blocks":{"template--18572285182250__06eef844-b717-4684-879c-2966611b45ee-text-1":{"type":"text","settings":{"block-image":"shopify:\/\/shop_images\/Neuroprotective_Properties.png","title":"Neuroprotective","desc":"Ornare quam viverra orci sagittis eu volutpat odio facilisis. A arcu cursus vitae congue.","link_text":"","link":""}},"d464938b-3d3e-449a-94c1-be6d4f96f4c2":{"type":"text","settings":{"block-image":"shopify:\/\/shop_images\/May_Reduce_Acne.png","title":"May Reduce Acne","desc":"Auctor eu augue ut lectus arcu. Nisl rhoncus mattis rhoncus urna neque viverra justo nec.","link_text":"","link":""}},"55d579e4-c660-4f2f-afeb-fa0d81096478":{"type":"text","settings":{"block-image":"shopify:\/\/shop_images\/Benefit_Heart_health.png","title":"Benefit Heart health","desc":"Mauris a diam maecenas sed. Ac ut consequat semper viverra nam libero justo.","link_text":"","link":""}},"a315b880-bc28-4c89-b5d2-fec72342b191":{"type":"text","settings":{"block-image":"shopify:\/\/shop_images\/Can_Relieve_Pain.png","title":"Can Relieve Pain","desc":"Nunc consequat interdum varius sit amet mattis. In nisl nisi scelerisque eu ultrices vitae auctor.","link_text":"","link":""}},"23bef5b1-c690-4199-90fe-758991cf1cef":{"type":"text","settings":{"block-image":"shopify:\/\/shop_images\/Anxiety_and_Depression.png","title":"Anxiety and Depression","desc":"Venenatis cras sed felis eget velit aliquet sagittis id. Sed enim ut sem viverra aliquet eget sit amet tellus.","link_text":"","link":""}},"9254439f-642e-4768-8f7e-d384e7f4f59d":{"type":"text","settings":{"block-image":"shopify:\/\/shop_images\/cancer-Related_Symptoms.png","title":"Cancer-Related Cure","desc":"Pharetra vel turpis nunc eget. Eget duis at tellus at. Et sollicitudin ac orci phasellus egestas tellus .","link_text":"","link":""}}},"block_order":["template--18572285182250__06eef844-b717-4684-879c-2966611b45ee-text-1","d464938b-3d3e-449a-94c1-be6d4f96f4c2","55d579e4-c660-4f2f-afeb-fa0d81096478","a315b880-bc28-4c89-b5d2-fec72342b191","23bef5b1-c690-4199-90fe-758991cf1cef","9254439f-642e-4768-8f7e-d384e7f4f59d"],"settings":{"page_full_width":false,"page_full_width_spacing":false,"color_scheme":"background-1","title":"CBD Oil Advantages","heading_size":"h1","sub_heading":"CBD PRODUCTS POTENTIAL BENEFITS","description":"Vulputate dignissim suspendisse in est. Ornare arcu dui vivamus arcu felis Mattis vulputate.","button_label":"","button_link":"","column_alignment":"center","button_style_secondary":false,"enable_image":true,"primary_image":"shopify:\/\/shop_images\/Group_127973.png","primary_title":"","primary_sub_title":"","primary_description":"","primary_button_text":"","primary_button_link":"","primary_text_align":"Left","vertical_position":"position-vertical-center","banner_style":"grid","specification_style":"style1","overlay_style_height":"500","primary_position":"center","content_reverse":false,"additional_heading":"100% Eco-Friendly, Every Piece Of Clothing Matters.","additional_sub_heading":"","additional_description":"","additional_text_align":"Left","additional_link_text":"","additional_link":"","padding_top":100,"padding_bottom":64,"custom_class_name":""}},"f6b8497d-f7a9-4840-b340-1bb552affae1":{"type":"support-block","blocks":{"template--18572285182250__a2c6b8ef-664c-4cb5-9429-59a162fcc4ae-column-1":{"type":"column","settings":{"icon_class":"","svg_icons":"<svg width=\"81\" height=\"80\" viewbox=\"0 0 81 80\" fill=\"none\" xmlns=\"http:\/\/www.w3.org\/2000\/svg\">\n<g id=\"Layer 1\">\n<g id=\"Group\">\n<path id=\"Vector\" fill-rule=\"evenodd\" clip-rule=\"evenodd\" d=\"M40.1807 1.15576C51.5285 20.5327 52.9135 38.1561 44.4245 54.0261C52.174 40.3708 63.8002 32.8043 79.2076 31.2351C73.2103 44.4291 63.1534 52.6411 49.2224 55.9638C57.8956 54.3031 65.9221 55.871 73.2103 60.7616C64.8141 65.3753 55.7724 65.0055 46.0852 59.6549C48.7611 61.7769 50.5133 64.4528 51.3443 67.7742C46.3622 67.4972 42.3026 65.0983 40.1807 60.6689C38.0587 65.0983 33.9991 67.4972 29.017 67.7742C29.848 64.4528 31.6002 61.7769 34.2761 59.6549C24.5889 65.0068 15.5472 65.3753 7.151 60.7616C14.532 55.871 22.5585 54.3031 31.2317 55.9638C17.2079 52.6424 7.151 44.4304 1.15369 31.2351C16.5612 32.8043 28.186 40.3695 35.9368 54.0261C27.4491 38.1561 28.9243 20.5327 40.1807 1.15576Z\" fill=\"#3E9205\"><\/path>\n<path id=\"Vector_2\" fill-rule=\"evenodd\" clip-rule=\"evenodd\" d=\"M40.1805 60.6702C39.8121 66.8517 38.9811 72.8503 37.7816 78.8476H43.5947C42.3952 72.8503 41.5655 66.853 41.1958 60.6702H40.1805Z\" fill=\"#3E9205\"><\/path>\n<path id=\"Vector_3\" d=\"M43.5948 80.0001H37.783C37.4387 80.0001 37.1108 79.8438 36.891 79.577C36.6712 79.3101 36.5848 78.9569 36.6509 78.6202C37.9012 72.3675 38.6788 66.4705 39.0295 60.599C39.0676 59.9637 39.5987 59.4326 40.248 59.5177C40.8833 59.5558 41.3687 60.1022 41.3306 60.7388C41.0002 66.2825 40.2963 71.8427 39.1819 77.6914H42.1908C41.9455 76.375 41.7384 75.0472 41.53 73.6673C41.436 73.0384 41.868 72.4501 42.4995 72.3548C43.1056 72.2404 43.7155 72.6953 43.8121 73.3242C44.0853 75.1463 44.3584 76.8782 44.7231 78.6075C44.7943 78.948 44.7091 79.3038 44.4906 79.5744C44.2708 79.845 43.9417 80.0001 43.5948 80.0001Z\" fill=\"#002900\"><\/path>\n<path id=\"Vector_4\" d=\"M29.0183 68.9278C28.6828 68.9278 28.3614 68.7817 28.1428 68.5238C27.9001 68.2404 27.8086 67.8567 27.9001 67.4933C28.3004 65.8911 28.9128 64.407 29.7336 63.0525C21.5839 66.1681 13.823 65.7411 6.59696 61.7717C6.24246 61.5773 6.01502 61.2127 5.99977 60.8086C5.98198 60.4045 6.17766 60.0234 6.51437 59.7972C11.4888 56.5037 16.8127 54.6537 22.425 54.256C12.4113 49.8711 4.92483 42.3186 0.102842 31.7102C-0.0674207 31.3354 -0.0242197 30.897 0.217197 30.559C0.457344 30.2249 0.851235 30.047 1.27054 30.0851C13.5409 31.3341 23.5279 36.3696 31.0728 45.0822C27.2178 31.4319 29.9268 16.5086 39.1845 0.576302C39.5009 0.0235843 40.2048 -0.164467 40.7613 0.156999C41.3115 0.478465 41.4983 1.18366 41.1781 1.73383C30.158 20.7054 28.7375 38.1154 36.9558 53.481C37.2531 54.0375 37.0486 54.73 36.4946 55.0349C35.9444 55.3373 35.2468 55.1429 34.9355 54.5927C27.7858 41.9946 17.0821 34.6136 3.10277 32.6301C8.99462 44.302 18.5382 51.7694 31.4985 54.8405C32.1084 54.9841 32.4921 55.5902 32.3613 56.2039C32.2291 56.8201 31.6281 57.228 31.0157 57.0933C23.3335 55.6219 16.105 56.8163 9.50667 60.6536C17.0668 64.1211 25.012 63.4515 33.7208 58.6409C34.2507 58.355 34.9076 58.5164 35.2379 59.0132C35.5696 59.5126 35.4654 60.1835 34.9952 60.5545C32.9623 62.1656 31.5341 64.083 30.6599 66.3841C31.9636 66.1388 33.1262 65.7678 34.1325 65.2621C34.7043 64.9762 35.3942 65.2113 35.6788 65.7805C35.9635 66.3498 35.7335 67.0422 35.1617 67.3281C33.4692 68.1731 31.4362 68.708 29.1237 68.9177C29.0881 68.9202 29.0538 68.924 29.0183 68.924V68.9278Z\" fill=\"#002900\"><\/path>\n<path id=\"Vector_5\" d=\"M51.3442 68.9279C51.3239 68.9279 51.301 68.9279 51.2807 68.9241C45.7001 68.6153 41.3889 65.8594 39.1412 61.1682C38.8642 60.5926 39.1082 59.9027 39.6812 59.6295C40.2594 59.3525 40.9468 59.5939 41.2199 60.1695C42.859 63.59 45.8437 65.7704 49.7229 66.4349C48.8487 64.111 47.4142 62.1784 45.3685 60.5571C44.8984 60.1848 44.7929 59.5139 45.1258 59.0158C45.4574 58.5203 46.1156 58.3614 46.6442 58.6435C55.3581 63.4566 63.3071 64.1173 70.8711 60.6498C64.3452 56.8189 57.1497 55.6309 49.4408 57.0959C48.8449 57.2293 48.2299 56.8227 48.0965 56.2065C47.9644 55.5928 48.3456 54.9892 48.9567 54.8431C61.8636 51.7657 71.3768 44.2995 77.2623 32.6327C63.2829 34.6162 52.5793 41.9972 45.4295 54.5953C45.1182 55.1417 44.4206 55.3323 43.8704 55.0375C43.3177 54.7326 43.1119 54.0388 43.4092 53.4836C51.6708 38.0341 50.2515 20.6279 39.1882 1.73895C38.8655 1.18878 39.0497 0.483584 39.5999 0.162118C40.1514 -0.165701 40.854 0.0248918 41.178 0.575069C50.4764 16.4502 53.1942 31.3685 49.3061 45.0683C56.8485 36.3645 66.8305 31.3354 79.0932 30.0864C79.5125 30.0483 79.9064 30.2262 80.1466 30.5604C80.388 30.8971 80.4312 31.3354 80.2609 31.7115C75.4427 42.3097 67.9753 49.8623 58.001 54.2523C63.6196 54.6436 68.9245 56.4962 73.8545 59.8061C74.1899 60.0285 74.3818 60.4135 74.3652 60.8137C74.3475 61.2178 74.12 61.5799 73.7681 61.7743C66.5433 65.7475 58.7786 66.1707 50.6314 63.0551C51.451 64.4096 52.0647 65.8937 52.4649 67.4959C52.5538 67.8517 52.4687 68.2265 52.2349 68.5099C52.0151 68.7767 51.6898 68.9292 51.3468 68.9292L51.3442 68.9279Z\" fill=\"#002900\"><\/path>\n<\/g>\n<\/g>\n<\/svg>","title":"All Natural","text":"<p>Id volutpat lacus laoreet non curabitur Nec ullmcorper sit.<\/p>","link_label":"","link":"","block_color_scheme":"background-1"}},"2feef962-c64d-4513-a888-ef221eafa51d":{"type":"column","settings":{"icon_class":"","svg_icons":"<svg width=\"67\" height=\"80\" viewbox=\"0 0 67 80\" fill=\"none\" xmlns=\"http:\/\/www.w3.org\/2000\/svg\">\n  <path fill-rule=\"evenodd\" clip-rule=\"evenodd\" d=\"M57.9006 78.8517C61.7579 78.8517 64.9714 75.7292 64.9714 71.8719V38.4428C64.9714 34.3098 62.1246 30.7282 57.7172 28.5239C55.3295 27.2377 53.9523 24.9423 53.9523 22.2789V15.2992H42.1061V22.2789C42.1061 24.9423 40.6365 27.2377 38.2488 28.5239C33.9325 30.7282 31.0857 34.3098 31.0857 38.4428V71.8719C31.0857 75.7292 34.2082 78.8517 38.0654 78.8517H57.9006Z\" fill=\"#3E9205\"><\/path>\n  <path fill-rule=\"evenodd\" clip-rule=\"evenodd\" d=\"M57.9007 78.8517C61.7579 78.8517 64.9715 75.7292 64.9715 71.8719V38.4428C64.9715 36.3307 64.2367 34.4021 62.8595 32.6569H33.1067C31.8205 34.4021 31.087 36.3307 31.087 38.4428V71.8719C31.087 75.7292 34.2095 78.8517 38.0668 78.8517H57.9019H57.9007Z\" fill=\"#3E9205\"><\/path>\n  <path d=\"M64.9714 40.3714H31.0857V69.851H64.9714V40.3714Z\" fill=\"#F6F8EB\"><\/path>\n  <path fill-rule=\"evenodd\" clip-rule=\"evenodd\" d=\"M5.92373 60.4848C8.77051 62.5968 10.6068 65.0768 10.6068 67.9236C10.6068 70.4947 8.49482 72.699 5.92373 72.699C3.35264 72.699 1.14832 70.4947 1.14832 67.9236C1.14832 65.0768 2.98462 62.5968 5.92373 60.4848Z\" fill=\"#3E9205\"><\/path>\n  <path fill-rule=\"evenodd\" clip-rule=\"evenodd\" d=\"M20.4334 21.3608L15.4746 18.9731L13.2703 23.6574L25.3011 29.351L27.5042 24.6679L20.4334 21.3608Z\" fill=\"#3E9205\"><\/path>\n  <path fill-rule=\"evenodd\" clip-rule=\"evenodd\" d=\"M22.5453 28.0649L12.1686 50.0146L5.92368 54.4232L5.4646 46.801L15.9336 24.9424L22.5453 28.0649Z\" fill=\"#F6F8EB\"><\/path>\n  <path fill-rule=\"evenodd\" clip-rule=\"evenodd\" d=\"M15.1077 43.7696L12.1686 50.0146L5.92368 54.4232L5.4646 46.801L6.93415 43.7696H15.1077Z\" fill=\"#3E9205\"><\/path>\n  <path d=\"M5.92374 73.8486C2.65708 73.8486 0 71.1916 0 67.9224C0 64.8758 1.76802 62.0593 5.25346 59.5502C5.66195 59.2619 6.20829 59.2619 6.60793 59.5629C10.0251 62.0973 11.7564 64.9099 11.7564 67.9224C11.7564 71.1334 9.08416 73.8486 5.92374 73.8486ZM5.91236 61.9303C3.51074 63.8324 2.29665 65.8445 2.29665 67.9224C2.29665 69.8902 3.95717 71.552 5.92374 71.552C7.89031 71.552 9.45977 69.8915 9.45977 67.9224C9.45977 65.9533 8.26718 63.8501 5.91362 61.9303H5.91236Z\" fill=\"#073601\"><\/path>\n  <path d=\"M25.5755 24.8968C25.4111 24.8968 25.2416 24.8614 25.0823 24.783C24.5107 24.5111 24.2678 23.8269 24.541 23.2553L32.2543 7.09399C32.6501 6.29977 32.6982 5.40818 32.3997 4.55705C32.1012 3.70972 31.4828 3.0192 30.7013 2.6613C29.8729 2.24649 28.9623 2.18958 28.115 2.48045C27.2462 2.77765 26.5506 3.39861 26.1522 4.22318L20.3689 16.3438C20.0957 16.9167 19.4166 17.1722 18.8373 16.8851C18.2657 16.6132 18.0229 15.929 18.2961 15.3574L24.0807 3.23293C24.7484 1.84053 25.917 0.806023 27.3726 0.306476C28.8156 -0.184218 30.3497 -0.0830441 31.6928 0.591028C33.0004 1.18922 34.0602 2.36284 34.5636 3.79319C35.0732 5.23618 34.9847 6.76391 34.317 8.09941L26.6138 24.2417C26.4165 24.6565 26.0042 24.8968 25.5755 24.8968Z\" fill=\"#073601\"><\/path>\n  <path d=\"M25.3011 30.5006C25.1329 30.5006 24.966 30.4627 24.8104 30.3893L12.7796 24.6945C12.2067 24.4226 11.9613 23.7384 12.2307 23.1667L14.4363 18.4836C14.5678 18.2079 14.803 17.993 15.0914 17.8918C15.3797 17.7906 15.6984 17.8033 15.9741 17.9398L20.9329 20.3288C21.5046 20.6045 21.7448 21.2912 21.4691 21.8603C21.1934 22.4332 20.5143 22.6735 19.9364 22.3978L16.0209 20.5122L14.7967 23.1098L24.7522 27.8207L25.9714 25.2294L23.8126 24.2417C23.2372 23.9787 22.9817 23.2957 23.246 22.7203C23.5091 22.1449 24.1907 21.8945 24.7674 22.1537L27.9822 23.6246C28.2604 23.751 28.4767 23.985 28.5817 24.2733C28.6879 24.5617 28.674 24.8804 28.5437 25.1599L26.3407 29.8392C26.2104 30.1174 25.9752 30.3299 25.6894 30.4336C25.5642 30.4778 25.4326 30.5006 25.3024 30.5006H25.3011Z\" fill=\"#073601\"><\/path>\n  <path d=\"M5.92378 55.5715C5.75431 55.5715 5.58358 55.5336 5.42676 55.4577C5.04989 55.2769 4.80201 54.9076 4.77798 54.4928L4.3189 46.8706C4.30626 46.6746 4.3442 46.4811 4.4302 46.304L14.8992 24.4479C15.1711 23.875 15.8565 23.6347 16.4294 23.9104C17.0023 24.1823 17.2439 24.869 16.9695 25.4419L6.63073 47.0299L6.9469 52.2973L11.262 49.2507L19.581 31.7097C19.8516 31.1342 20.5422 30.8939 21.1113 31.162C21.6842 31.434 21.927 32.1181 21.6576 32.6898L13.2096 50.5053C13.1236 50.6861 12.9946 50.8379 12.8327 50.9517L6.58773 55.3591C6.39171 55.4982 6.15901 55.5715 5.92631 55.5715H5.92378Z\" fill=\"#073601\"><\/path>\n  <path d=\"M57.9019 80H38.0654C33.5847 80 29.9374 76.3514 29.9374 71.8719V38.4453C29.9374 34.0189 32.7766 30.0289 37.7265 27.5046C39.0026 26.7837 39.8954 25.8466 40.4114 24.6692C40.6656 24.0837 41.3473 23.8219 41.924 24.0773C42.5045 24.3303 42.7688 25.0081 42.5158 25.5861C41.8026 27.215 40.5581 28.5416 38.8141 29.5256C34.6179 31.6679 32.2353 34.9105 32.2353 38.444V71.8707C32.2353 75.0855 34.8506 77.7021 38.0654 77.7021H57.9019C61.1685 77.7021 63.8244 75.0855 63.8244 71.8707V38.444C63.8244 34.8941 61.4126 31.654 57.2038 29.5534C54.4367 28.0598 52.8027 25.3483 52.8027 22.279V20.7158C52.8027 20.0835 53.3174 19.5675 53.951 19.5675C54.5846 19.5675 55.0994 20.0835 55.0994 20.7158V22.279C55.0994 24.5225 56.2515 26.4296 58.261 27.5147C63.2426 30.0011 66.1197 33.9911 66.1197 38.4428V71.8694C66.1197 76.3502 62.4319 79.9975 57.9006 79.9975L57.9019 80ZM42.1048 21.8654C41.47 21.8654 40.9565 21.3494 40.9565 20.7171V15.3005C40.9565 14.6681 41.47 14.1522 42.1048 14.1522H53.951C54.5859 14.1522 55.0994 14.6681 55.0994 15.3005V16.402C55.0994 17.0344 54.5846 17.5503 53.951 17.5503C53.3174 17.5503 52.828 17.0596 52.804 16.4488H43.2531V20.7171C43.2531 21.3494 42.7384 21.8654 42.1048 21.8654Z\" fill=\"#073601\"><\/path>\n  <path d=\"M56.063 21.8654H39.9928C39.3579 21.8654 38.8445 21.3494 38.8445 20.7171C38.8445 20.0847 39.3592 19.5687 39.9928 19.5687H56.063C56.6979 19.5687 57.2114 20.0847 57.2114 20.7171C57.2114 21.3494 56.6966 21.8654 56.063 21.8654Z\" fill=\"#073601\"><\/path>\n  <path d=\"M60.564 41.5197H31.0869C30.4521 41.5197 29.9386 41.0037 29.9386 40.3714C29.9386 39.7391 30.4533 39.2231 31.0869 39.2231H60.564C61.1988 39.2231 61.7123 39.7391 61.7123 40.3714C61.7123 41.0037 61.1988 41.5197 60.564 41.5197Z\" fill=\"#073601\"><\/path>\n  <path d=\"M64.9728 71.0018H35.4932C34.8583 71.0018 34.3448 70.4859 34.3448 69.8535C34.3448 69.2212 34.8596 68.7052 35.4932 68.7052H64.9728C65.6076 68.7052 66.1211 69.2212 66.1211 69.8535C66.1211 70.4859 65.6064 71.0018 64.9728 71.0018Z\" fill=\"#073601\"><\/path>\n  <path d=\"M47.983 64.8479C47.3482 64.8479 46.8347 64.3319 46.8347 63.6996V46.6176C46.8347 45.9853 47.3482 45.4693 47.983 45.4693C48.6179 45.4693 49.1314 45.9853 49.1314 46.6176V63.6996C49.1314 64.3319 48.6166 64.8479 47.983 64.8479Z\" fill=\"#073601\"><\/path>\n  <path d=\"M47.983 59.6109C47.9223 59.6109 47.8629 59.6046 47.8009 59.5945L40.3621 58.4019C39.7361 58.3032 39.3099 57.7126 39.4098 57.0891C39.511 56.4631 40.1117 56.042 40.7263 56.1368L45.3689 56.8805L41.0943 51.1603C40.7149 50.6545 40.8186 49.9323 41.327 49.5529C41.8342 49.1798 42.5563 49.2772 42.9332 49.7869L48.9024 57.7758C49.1819 58.1489 49.2072 58.6548 48.9657 59.057C48.7557 59.4047 48.3801 59.6109 47.983 59.6109Z\" fill=\"#073601\"><\/path>\n  <path d=\"M47.9831 59.6109C47.5847 59.6109 47.2079 59.4022 46.9992 59.0544C46.7576 58.6523 46.7854 58.1426 47.0687 57.7695L53.1291 49.7806C53.5123 49.2772 54.2306 49.1735 54.7377 49.5593C55.2423 49.9424 55.341 50.6633 54.9578 51.1667L50.6288 56.8741L55.2398 56.1368C55.862 56.0255 56.4526 56.4593 56.5563 57.0891C56.6562 57.7126 56.23 58.3045 55.604 58.4019L48.1665 59.5945C48.1045 59.6046 48.0451 59.6109 47.9844 59.6109H47.9831Z\" fill=\"#073601\"><\/path>\n  <path d=\"M43.5744 63.0091H43.4821C42.8472 63.0091 42.3337 62.4931 42.3337 61.8607C42.3337 61.2284 42.8485 60.7124 43.4821 60.7124C44.1157 60.7124 44.6759 61.2284 44.6759 61.8607C44.6759 62.4931 44.208 63.0091 43.5731 63.0091H43.5744Z\" fill=\"#073601\"><\/path>\n  <path d=\"M52.4828 63.0091C51.8479 63.0091 51.2889 62.4931 51.2889 61.8607C51.2889 61.2284 51.7569 60.7124 52.3917 60.7124H52.4841C53.1189 60.7124 53.6324 61.2284 53.6324 61.8607C53.6324 62.4931 53.1177 63.0091 52.4841 63.0091H52.4828Z\" fill=\"#073601\"><\/path>\n<\/svg>","title":"Face Serum","text":"<p>Tincidunt lobortis feugiat vivamus at augue eget arc.<\/p>","link_label":"","link":"","block_color_scheme":"background-1"}},"93b081ee-f1c9-4130-8f6f-5ef4300880cb":{"type":"column","settings":{"icon_class":"","svg_icons":"<svg width=\"98\" height=\"80\" viewbox=\"0 0 98 80\" fill=\"none\" xmlns=\"http:\/\/www.w3.org\/2000\/svg\">\n<path d=\"M75.7109 52.4868C74.4912 52.4868 73.2715 52.7546 72.0857 53.2826C70.5344 53.9743 69.2991 55.2096 68.6073 56.7609C67.1471 60.0364 67.7257 63.5576 70.1196 65.9501C72.5122 68.3427 76.0334 68.9213 79.3089 67.4624C80.8601 66.7706 82.0954 65.5353 82.7872 63.9828C84.2474 60.7073 83.6688 57.1861 81.2749 54.7935C79.7874 53.3047 77.8109 52.4855 75.7096 52.4855L75.7109 52.4868ZM78.2114 62.0778C78.0164 62.4133 77.7368 62.6929 77.4026 62.8866C76.8461 63.2091 76.2583 63.3677 75.6875 63.3677C74.9073 63.3677 74.1623 63.0713 73.581 62.49C72.5759 61.4849 72.4211 59.9856 73.1844 58.6684C73.3795 58.3329 73.659 58.0534 73.9945 57.8596C75.3117 57.0951 76.811 57.2511 77.8161 58.2562C78.8213 59.2614 78.976 60.7619 78.2127 62.0778H78.2114Z\" fill=\"#073601\"><\/path>\n<path fill-rule=\"evenodd\" clip-rule=\"evenodd\" d=\"M36.9875 19.424C40.0078 25.9194 39.9169 31.5579 36.7431 36.3422C39.6154 32.239 43.5354 30.1861 48.4758 30.1517C46.1738 34.1613 42.7327 36.4664 38.2084 37.1021C41.0129 36.8358 43.5147 37.5755 45.682 39.3481C42.8766 40.5604 40.0163 40.1707 37.101 38.1798C37.8869 38.9343 38.3628 39.8368 38.5266 40.9167C36.9528 40.6787 35.7358 39.7946 35.1953 38.324C34.388 39.6668 33.0265 40.3064 31.436 40.2443C31.7999 39.2145 32.437 38.4175 33.3507 37.8242C30.1131 39.2321 27.2305 39.0768 24.703 37.3588C27.1943 36.0279 29.7906 35.7717 32.495 36.5603C28.1414 35.0832 25.1948 32.1724 23.6876 27.8012C28.5334 28.7636 31.9974 31.5162 34.0476 36.0866C31.83 30.7911 32.8292 25.2387 36.9875 19.424Z\" fill=\"#3E9205\"><\/path>\n<path fill-rule=\"evenodd\" clip-rule=\"evenodd\" d=\"M35.1953 38.3244C34.8921 40.2764 34.4476 42.1564 33.8861 44.0249L35.7322 44.1999C35.5319 42.2592 35.449 40.3296 35.5177 38.3549L35.1953 38.3244Z\" fill=\"#3E9205\"><\/path>\n<path d=\"M35.6975 44.5659L33.8518 44.3909C33.7424 44.3805 33.643 44.321 33.5812 44.2297C33.5195 44.1383 33.5027 44.0235 33.5338 43.9186C34.1191 41.9705 34.5437 40.1212 34.8319 38.2671C34.8631 38.0665 35.0478 37.9138 35.2514 37.9604C35.452 37.9916 35.5897 38.1798 35.5584 38.3808C35.2866 40.1314 34.8956 41.876 34.3656 43.6998L35.3211 43.7904C35.2829 43.365 35.2571 42.9371 35.2324 42.4926C35.2215 42.29 35.3764 42.1162 35.5799 42.105C35.7758 42.0869 35.9558 42.2497 35.9675 42.4524C35.9994 43.0392 36.034 43.5975 36.0977 44.1576C36.1101 44.2679 36.0723 44.3783 35.9948 44.4577C35.9168 44.537 35.8076 44.5764 35.6975 44.5659Z\" fill=\"#002900\"><\/path>\n<path d=\"M31.4017 40.6107C31.2952 40.6006 31.1975 40.5445 31.1358 40.456C31.0673 40.3587 31.0498 40.2341 31.0898 40.1215C31.2652 39.6247 31.5043 39.1718 31.8058 38.7664C29.1238 39.5104 26.672 39.1411 24.4967 37.6629C24.39 37.5905 24.3287 37.4678 24.336 37.339C24.3426 37.2102 24.4162 37.095 24.5299 37.0333C26.2089 36.1372 27.9553 35.71 29.7497 35.7527C26.7016 34.0586 24.5515 31.4347 23.3396 27.9205C23.2968 27.7963 23.3237 27.6584 23.4106 27.5583C23.4969 27.4594 23.6273 27.4148 23.7594 27.4395C27.6185 28.2057 30.6385 30.1056 32.7723 33.0997C31.9591 28.6486 33.2688 23.9909 36.6886 19.2099C36.8057 19.0439 37.0349 19.0054 37.202 19.1243C37.367 19.2429 37.4051 19.4725 37.2868 19.6376C33.2158 25.3307 32.2404 30.8169 34.3876 35.9442C34.4653 36.1298 34.3795 36.3436 34.1944 36.4238C34.0105 36.5032 33.7949 36.4205 33.7126 36.2364C31.8213 32.0202 28.6444 29.3538 24.2646 28.303C25.7842 32.1871 28.5902 34.846 32.6136 36.2116C32.803 36.2755 32.9066 36.4796 32.8465 36.6705C32.786 36.8623 32.5829 36.9737 32.3924 36.9125C29.997 36.2139 27.6655 36.3755 25.4544 37.3954C27.7509 38.7243 30.2943 38.7509 33.2049 37.4854C33.3818 37.4106 33.5855 37.4816 33.6755 37.6493C33.7658 37.8179 33.7125 38.0278 33.552 38.1315C32.8579 38.5819 32.3466 39.1478 31.9996 39.8523C32.421 39.8137 32.8014 39.7309 33.1362 39.6006C33.3264 39.527 33.5385 39.6224 33.6117 39.8118C33.685 40.0011 33.5911 40.2141 33.4009 40.2877C32.838 40.505 32.1762 40.6137 31.4355 40.6106C31.4241 40.6104 31.4131 40.6106 31.4018 40.6095L31.4017 40.6107Z\" fill=\"#002900\"><\/path>\n<path d=\"M38.4919 41.2831C38.4855 41.2824 38.4782 41.2818 38.4719 41.2799C36.7089 41.0138 35.4228 40.0088 34.8502 38.4513C34.7796 38.2602 34.8778 38.0484 35.0681 37.9789C35.26 37.9083 35.471 38.0057 35.5405 38.1967C35.958 39.3324 36.8402 40.1147 38.0521 40.4425C37.8445 39.6782 37.4471 39.0212 36.8463 38.4447C36.7082 38.3123 36.6949 38.0961 36.8156 37.9479C36.9359 37.8006 37.1497 37.7699 37.309 37.8754C39.9314 39.6664 42.4359 40.1156 44.9425 39.2422C42.9854 37.829 40.736 37.2351 38.2438 37.4682C38.0505 37.4926 37.8675 37.3449 37.8436 37.1452C37.8202 36.9463 37.9594 36.7662 38.1579 36.7382C42.3495 36.1495 45.5955 34.0649 47.8159 30.537C43.3167 30.746 39.6952 32.7677 37.0452 36.5532C36.9299 36.7174 36.7026 36.7569 36.5367 36.6467C36.3704 36.5332 36.3259 36.3067 36.4371 36.1393C39.526 31.4817 39.5994 25.9112 36.6548 19.5793C36.5689 19.3949 36.6486 19.1765 36.833 19.0909C37.018 19.0034 37.2354 19.0851 37.3218 19.2696C39.7967 24.5912 40.2105 29.4107 38.5632 33.6444C41.2206 31.1074 44.5421 29.8109 48.4741 29.7835C48.6084 29.784 48.7281 29.8524 48.7943 29.9657C48.8608 30.08 48.8614 30.2205 48.796 30.3348C46.9467 33.5554 44.3477 35.7291 41.0479 36.8229C42.8205 37.1164 44.4494 37.8644 45.9154 39.0641C46.0152 39.1448 46.0646 39.2728 46.0473 39.3994C46.0294 39.5272 45.9463 39.6354 45.8287 39.6865C43.4146 40.7308 40.936 40.6313 38.4424 39.3965C38.6619 39.8514 38.8121 40.3412 38.891 40.862C38.9085 40.9777 38.8702 41.0942 38.7874 41.1771C38.7096 41.2552 38.6017 41.2939 38.4927 41.2835L38.4919 41.2831Z\" fill=\"#002900\"><\/path>\n<path d=\"M95.3015 44.8326L95.1984 44.8246L91.5237 44.5412L91.0107 44.5016L90.7447 44.0612L83.9519 32.8161L83.9517 32.8159C83.2393 31.6358 81.4183 30.6584 79.1085 30.565L79.1056 30.5649L68.7144 30.1146H68.2029H67.0796L67.2096 28.9989L68.5801 17.2377C68.6967 16.2369 68.3841 15.2505 67.6705 14.4489L67.6704 14.4488C66.8628 13.5413 65.6431 13 64.3085 13H9.70986C7.46607 13 5.69186 14.5249 5.44537 16.3871L5.44535 16.3872L1.03081 49.7141L0.0394708 49.5827L1.03081 49.7141C0.897146 50.7231 1.20036 51.7195 1.91362 52.5332C2.72245 53.4554 3.94766 54.005 5.29661 54.005H9.481H10.6198L10.4726 55.1342L10.102 57.978L10.102 57.9784C9.95658 59.0909 10.8232 60.0787 11.9464 60.0787H20.4042C20.4464 58.6501 20.777 57.2004 21.4029 55.7968C21.8484 54.7972 22.4625 53.8953 23.2108 53.1248H5.29661C4.25945 53.1248 3.25446 52.7253 2.57755 51.9535C2.22997 51.5573 1.77389 50.8242 1.90481 49.8305L1.9049 49.8299L6.31812 16.5032C6.31813 16.5031 6.31814 16.5031 6.31814 16.503C6.53353 14.8753 8.15709 13.8802 9.70986 13.8802H64.3098C65.3374 13.8802 66.3372 14.2744 67.0137 15.0346C67.3596 15.4232 67.8217 16.1467 67.706 17.1362L95.3015 44.8326ZM95.3015 44.8326C96.3579 44.9697 97.1173 45.9371 96.9849 47.0061L95.5793 58.3552L95.5792 58.3554C95.458 59.3353 94.6234 60.07 93.636 60.0658H93.6359L85.9518 60.0336C85.8742 57.4621 84.8518 55.017 82.9533 53.1185L82.9531 53.1184C79.8376 50.0043 75.2819 49.265 71.1243 51.1192C69.0383 52.0493 67.3771 53.7106 66.447 55.7966C65.821 57.2003 65.4903 58.65 65.4481 60.0787H40.9078C40.8411 57.4935 39.8191 55.0334 37.9131 53.1248H60.4257C61.9943 53.1248 63.6297 52.1172 63.822 50.4631C63.822 50.4629 63.822 50.4627 63.822 50.4626L67.7059 17.1368L95.3015 44.8326ZM69.2532 42.5851L69.1291 43.693L70.2439 43.6963L86.2468 43.7444L87.9888 43.7497L87.1149 42.2428L82.1373 33.6595L82.1366 33.6581C81.9929 33.4112 81.7773 33.2176 81.5914 33.0789C81.3871 32.9264 81.1399 32.782 80.8592 32.6554C80.2965 32.4014 79.5618 32.2015 78.6915 32.1647C78.6911 32.1647 78.6907 32.1647 78.6902 32.1647L71.396 31.8358L70.4612 31.7937L70.3571 32.7235L69.2532 42.5851Z\" fill=\"#3E9205\" stroke=\"#073601\" stroke-width=\"2\"><\/path>\n<path d=\"M38.4058 58.8936C38.3551 58.6219 38.2901 58.354 38.2134 58.0952L38.203 58.0627C38.1665 57.9431 38.1275 57.8248 38.0859 57.7065L38.0716 57.6661C38.0248 57.5361 37.9741 57.4087 37.9247 57.2891L37.9169 57.2722C37.8714 57.1642 37.8181 57.0498 37.7635 56.9367L37.7296 56.8691C37.6139 56.635 37.4852 56.4061 37.3474 56.1864L37.2992 56.111C37.2407 56.0213 37.1809 55.9328 37.1185 55.8444L37.073 55.7781C36.9963 55.6715 36.917 55.5661 36.8376 55.4686L36.7895 55.4101C36.7219 55.3269 36.6517 55.245 36.5802 55.1631C36.5555 55.1357 36.5321 55.1084 36.5074 55.0824C36.4059 54.9706 36.3188 54.8783 36.2343 54.7938C34.7467 53.3049 32.7703 52.4857 30.669 52.4857C29.4493 52.4857 28.2296 52.7536 27.0437 53.2815C25.4924 53.9733 24.2572 55.2086 23.5654 56.7611C23.5225 56.8573 23.4809 56.9549 23.4419 57.0511L23.4041 57.1473C23.3781 57.2123 23.3534 57.2774 23.3287 57.3411L23.2858 57.4594C23.265 57.5166 23.2455 57.5751 23.226 57.6336C23.2117 57.6752 23.1987 57.7182 23.1844 57.7598C23.1675 57.8144 23.1506 57.869 23.1337 57.9249C23.1207 57.9691 23.1077 58.0133 23.096 58.0562C23.0817 58.1095 23.0674 58.1629 23.0531 58.2162L23.0427 58.2552C23.0349 58.2877 23.0258 58.3189 23.018 58.3501C23.0063 58.3995 22.9946 58.4476 22.9842 58.497L22.9711 58.5556C22.9646 58.5842 22.9581 58.6141 22.9516 58.6427C22.9321 58.7337 22.9152 58.8247 22.8996 58.9144C22.8931 58.9534 22.8866 58.9938 22.8801 59.0328L22.8671 59.1147C22.8619 59.1446 22.858 59.1732 22.8541 59.2031C22.8463 59.259 22.8398 59.3162 22.832 59.3721L22.8177 59.4892C22.8112 59.5464 22.806 59.6049 22.8008 59.6621C22.7982 59.6998 22.7943 59.7362 22.7917 59.7726C22.7878 59.8325 22.7839 59.8923 22.78 59.9508C22.7787 59.9833 22.7774 60.0158 22.7761 60.0483C22.7735 60.112 22.7709 60.1757 22.7696 60.2381V60.3149C22.767 60.5645 22.7761 60.8103 22.7956 61.0456V61.0612C22.9529 62.9246 23.7409 64.6137 25.075 65.9478C27.4676 68.3404 30.9888 68.919 34.2643 67.46C35.8156 66.7683 37.0509 65.533 37.7426 63.9817C38.1678 63.0273 38.4253 62.0404 38.5085 61.0469C38.5683 60.3266 38.5345 59.6114 38.4084 58.917L38.4032 58.891L38.4058 58.8936ZM33.544 61.1692C33.462 61.4825 33.3359 61.7881 33.1695 62.0755C32.9744 62.411 32.6949 62.6905 32.3607 62.8843C31.8093 63.2041 31.2281 63.3667 30.6573 63.3667C30.2724 63.3667 29.8927 63.2939 29.5299 63.1456C28.6769 62.7985 28.0202 62.0612 27.7732 61.1744C27.7485 61.0859 27.7277 60.9936 27.7108 60.9L27.7056 60.8688C27.69 60.7765 27.6783 60.6829 27.6718 60.5892V60.5697C27.6679 60.5359 27.6666 60.4917 27.6653 60.4488C27.6653 60.4176 27.6653 60.3877 27.6653 60.3591C27.6653 60.3019 27.6679 60.2433 27.6705 60.1835C27.6731 60.1419 27.6757 60.1029 27.6796 60.0639C27.6835 60.0236 27.6861 59.995 27.69 59.9651C27.6991 59.9001 27.7095 59.8351 27.7225 59.7687C27.7264 59.7466 27.7316 59.7245 27.7368 59.7011C27.755 59.6218 27.7706 59.5542 27.7901 59.4879L27.8031 59.4437C27.8252 59.3708 27.8486 59.3019 27.8746 59.233L27.8941 59.1797C27.924 59.103 27.9565 59.0276 27.9929 58.9521L28.0163 58.9053C28.0554 58.826 28.097 58.7467 28.1425 58.6674C28.3375 58.3319 28.6171 58.0523 28.9513 57.8586C29.0306 57.8131 29.1125 57.7689 29.2035 57.7247C29.2256 57.7143 29.2451 57.7052 29.2646 57.6973L29.288 57.6869C29.344 57.6609 29.4012 57.6362 29.4571 57.6141C29.4818 57.6037 29.5065 57.5946 29.5325 57.5868L29.5559 57.579C29.6079 57.5595 29.6599 57.5413 29.7119 57.5257C29.7471 57.5153 29.7822 57.5049 29.816 57.4958C29.8667 57.4815 29.9161 57.4698 29.9668 57.4581C30.0019 57.4503 30.037 57.4425 30.0721 57.436C30.1215 57.4269 30.1723 57.4178 30.2217 57.4113C30.2646 57.4048 30.2958 57.4009 30.3257 57.3983C30.3751 57.3931 30.4245 57.3892 30.4752 57.3866H30.4973C30.5233 57.384 30.5493 57.3827 30.5753 57.3814C30.6287 57.3814 30.6794 57.3814 30.7301 57.3814H30.7535C30.7769 57.3814 30.799 57.3814 30.8224 57.384C30.8796 57.3866 30.9381 57.3931 30.9953 57.3996H31.011C31.0279 57.4022 31.0461 57.4048 31.063 57.4061C31.141 57.4165 31.2164 57.4295 31.2931 57.4464C31.3152 57.4516 31.3373 57.4568 31.3594 57.4633L31.3828 57.4698C31.4323 57.4828 31.4765 57.4932 31.5194 57.5062C31.5493 57.5153 31.5792 57.5257 31.6078 57.5361L31.626 57.5426C31.6689 57.5569 31.7027 57.5686 31.7365 57.5816C31.7742 57.5959 31.8119 57.6128 31.8484 57.6284C31.8796 57.6414 31.9134 57.657 31.9459 57.6726C31.9862 57.6921 32.0226 57.7104 32.0603 57.7299C32.0889 57.7455 32.1175 57.7611 32.1448 57.7767C32.1851 57.8001 32.2228 57.8222 32.2605 57.8469C32.2853 57.8625 32.3087 57.8781 32.3321 57.895C32.3724 57.9223 32.4114 57.9496 32.4504 57.9782C32.4634 57.9873 32.4777 57.999 32.492 58.0107L32.505 58.0211C32.5466 58.0536 32.5882 58.0874 32.6285 58.1225L32.6506 58.1421C32.912 58.3761 33.1292 58.6518 33.2943 58.9586C33.3307 59.0263 33.3606 59.0887 33.3892 59.1524L33.3957 59.1667C33.4204 59.2239 33.4464 59.2863 33.4685 59.3487L33.4763 59.3721C33.6792 59.943 33.7026 60.5645 33.5453 61.1718L33.544 61.1692Z\" fill=\"#073601\"><\/path>\n<\/svg>","title":"Speedy Delivery","text":"<p>Maecenas sed enim ut sem viverra aliquet eget sit amet.<\/p>","link_label":"","link":"","block_color_scheme":"background-1"}},"3546bed4-f32e-471a-a6fe-8844a36a18fd":{"type":"column","settings":{"icon_class":"","svg_icons":"<svg width=\"70\" height=\"80\" viewbox=\"0 0 70 80\" fill=\"none\" xmlns=\"http:\/\/www.w3.org\/2000\/svg\">\n  <path fill-rule=\"evenodd\" clip-rule=\"evenodd\" d=\"M8.03324 26.7927L1.14746 33.7707L10.5127 36.1579L8.03324 26.7927Z\" fill=\"#3E9205\"><\/path>\n  <path fill-rule=\"evenodd\" clip-rule=\"evenodd\" d=\"M29.6087 61.4074C27.4049 61.9587 25.2934 61.7741 23.2742 60.9484V61.683C23.2742 66.1817 25.2023 70.3136 28.4151 73.3443H49.807C52.9288 70.4982 54.7646 66.5496 54.948 62.3266V61.6843C54.948 61.042 54.948 60.3074 54.8557 59.6638C46.8686 53.4203 37.5957 60.0318 29.6087 61.4087V61.4074Z\" fill=\"#3E9205\"><\/path>\n  <path fill-rule=\"evenodd\" clip-rule=\"evenodd\" d=\"M31.7201 48.7371C33.2804 48.7371 34.6585 50.023 34.6585 51.5832C34.6585 53.2358 33.2816 54.5216 31.7201 54.5216C30.1586 54.5216 28.874 53.2358 28.874 51.5832C28.874 50.0217 30.1599 48.7371 31.7201 48.7371Z\" fill=\"#3E9205\"><\/path>\n  <path d=\"M65.6862 12.6721C65.2513 12.6721 64.8138 12.6026 64.389 12.4509L51.1042 8.14316C50.0826 7.84224 49.1861 7.09247 48.6753 6.09361C48.1658 5.09981 48.0836 3.93912 48.449 2.90486C48.7158 1.93003 49.4036 1.05761 50.3607 0.526578C51.3457 -0.0145737 52.5304 -0.147333 53.619 0.16876L62.6479 3.11728C63.251 3.31326 63.5798 3.96188 63.3838 4.56625C63.1878 5.17062 62.5442 5.49936 61.9373 5.29959L52.9401 2.36118C52.4722 2.2221 51.926 2.28153 51.4772 2.53567C51.1826 2.69751 50.7982 3.0136 50.6376 3.59521C50.4556 4.1174 50.4935 4.60797 50.7198 5.0505C50.9449 5.49051 51.3318 5.81924 51.7844 5.952L65.1261 10.2787C66.0984 10.6137 67.1946 10.0574 67.5474 9.0573C67.823 8.05465 67.2844 7.0204 66.2463 6.67269C65.6432 6.47292 65.3195 5.82177 65.5206 5.22119C65.7203 4.62062 66.3677 4.29062 66.9708 4.49671C69.1759 5.23005 70.3631 7.48948 69.7347 9.74765C69.1038 11.5443 67.4197 12.6734 65.6875 12.6734L65.6862 12.6721Z\" fill=\"#073601\"><\/path>\n  <path d=\"M42.0032 41.6212C41.8856 41.6212 41.768 41.6023 41.6504 41.5644C41.0473 41.3709 40.7161 40.7235 40.9108 40.1217L50.1849 11.3838C50.3809 10.7794 51.0258 10.4507 51.6301 10.6441C52.2332 10.8376 52.5645 11.4849 52.3698 12.0868L43.0956 40.8247C42.9376 41.3115 42.4887 41.6212 42.0032 41.6212Z\" fill=\"#073601\"><\/path>\n  <path d=\"M52.6517 46.2109C52.5366 46.2109 52.4178 46.192 52.3002 46.154C51.6971 45.9606 51.3658 45.3158 51.558 44.7114L62.4847 10.6504C62.6782 10.0461 63.3167 9.70721 63.9286 9.91077C64.5317 10.1042 64.863 10.7491 64.6708 11.3534L53.7441 45.4144C53.5873 45.9012 53.1372 46.2109 52.6517 46.2109Z\" fill=\"#073601\"><\/path>\n  <path d=\"M51.8262 80H26.3946C26.1493 80 25.9103 79.9203 25.7144 79.7749C19.9589 75.5367 16.5249 68.7698 16.5249 61.6817C16.5249 49.2542 26.6778 39.1405 39.1559 39.1405C41.9793 39.1405 44.6812 39.6311 47.1885 40.592C47.7802 40.8196 48.0761 41.4846 47.8485 42.0751C47.6222 42.6668 46.9533 42.9602 46.3666 42.7364C44.1224 41.8728 41.696 41.4366 39.1572 41.4366C27.9447 41.4366 18.8223 50.5186 18.8223 61.6805C18.8223 67.9214 21.7885 73.8804 26.779 77.7013H51.4494C56.5082 73.8994 59.401 68.082 59.401 61.6805C59.401 55.614 56.6751 49.8788 51.921 45.9466C51.4342 45.542 51.3647 44.8175 51.7693 44.3308C52.1726 43.8376 52.8959 43.7706 53.3852 44.1752C58.6677 48.5462 61.6972 54.9275 61.6972 61.6805C61.6972 68.9494 58.344 75.5481 52.5014 79.78C52.3054 79.9228 52.0702 79.9987 51.8275 79.9987L51.8262 80Z\" fill=\"#073601\"><\/path>\n  <path d=\"M49.8069 74.4936H28.415C28.1229 74.4936 27.8409 74.3798 27.6273 74.1801C24.0794 70.8333 22.126 66.3953 22.126 61.683V60.9497C22.126 60.3175 22.6406 59.8016 23.274 59.8016C23.9075 59.8016 24.4221 60.3175 24.4221 60.9497V61.683C24.4221 65.6152 26.0025 69.3312 28.8803 72.1975H49.3542C52.0613 69.579 53.6379 66.0742 53.8023 62.2773V61.683C53.801 61.2405 53.8036 60.7499 53.7694 60.2821C48.6007 56.5433 42.9148 58.4728 36.9014 60.516C34.5497 61.3125 32.1196 62.1382 29.8032 62.5402C29.1938 62.6325 28.5857 62.2267 28.4782 61.6033C28.3707 60.9775 28.7892 60.382 29.4138 60.2745C31.5506 59.9078 33.7911 59.1479 36.1618 58.3413C42.3269 56.25 49.3113 53.8755 55.5636 58.7585C55.7975 58.9418 55.9505 59.2074 55.9922 59.502C56.0921 60.1948 56.0971 60.9889 56.0971 61.6817V62.3266C55.8974 66.9327 53.9401 71.1266 50.5807 74.1914C50.3683 74.3849 50.0939 74.4924 49.8069 74.4924V74.4936Z\" fill=\"#073601\"><\/path>\n  <path d=\"M9.96269 45.1804C8.82602 45.1804 7.74877 44.7189 7.00658 43.9148C6.2606 43.232 5.78267 42.1662 5.75991 41.0522C5.73715 39.9383 6.15693 38.8952 6.94084 38.1075L12.4472 32.5089C14.0883 30.8639 16.7536 30.8639 18.3923 32.5C19.1863 33.294 19.6238 34.3511 19.6238 35.47C19.6238 36.589 19.1863 37.646 18.3923 38.44L12.8847 43.9502C12.1741 44.7189 11.0981 45.1804 9.96269 45.1804ZM15.4235 33.5684C14.9367 33.5684 14.4499 33.7517 14.0782 34.1247L8.57693 39.7171C8.57693 39.7171 8.57188 39.7234 8.57061 39.7259C8.22923 40.0648 8.04716 40.5199 8.05601 41.0067C8.06613 41.4973 8.27475 41.9651 8.62877 42.2913C9.37475 43.0879 10.6151 43.0247 11.2321 42.3583L16.7726 36.8128C17.1329 36.4524 17.3327 35.9745 17.3327 35.4688C17.3327 34.963 17.1329 34.4851 16.7726 34.1247C16.4009 33.7517 15.9141 33.5684 15.4248 33.5684H15.4235Z\" fill=\"#073601\"><\/path>\n  <path d=\"M20.9791 51.4466C20.6845 51.4466 20.3924 51.3328 20.1673 51.1116L15.5764 46.5219C15.1288 46.0731 15.1275 45.3448 15.5764 44.8959C16.0227 44.4534 16.7497 44.4534 17.1986 44.8959L21.7895 49.4856C22.2371 49.9345 22.2384 50.6627 21.7895 51.1116C21.567 51.3328 21.2724 51.4466 20.9778 51.4466H20.9791Z\" fill=\"#073601\"><\/path>\n  <path d=\"M24.4675 47.2236C24.1767 47.2236 23.8834 47.1124 23.6609 46.8911L15.9482 39.2707C15.4981 38.8244 15.493 38.0999 15.9381 37.6485C16.3844 37.1959 17.1114 37.1934 17.5603 37.6384L25.2729 45.2588C25.7231 45.7051 25.7281 46.4296 25.2818 46.881C25.0567 47.1086 24.7609 47.2224 24.4663 47.2224L24.4675 47.2236Z\" fill=\"#073601\"><\/path>\n  <path d=\"M10.514 37.3072C10.4192 37.3072 10.3243 37.2945 10.2295 37.2718L0.864307 34.8834C0.466029 34.7784 0.1512 34.4724 0.0424643 34.0767C-0.0688005 33.6809 0.0424643 33.2574 0.330741 32.9628L7.21652 25.9847C7.50606 25.6901 7.93089 25.5763 8.32663 25.6812C8.72491 25.7862 9.03468 26.096 9.14215 26.4942L10.1524 30.2583C10.3168 30.869 9.95262 31.4986 9.34066 31.663C8.72744 31.8337 8.09905 31.467 7.93468 30.8538L7.44284 29.0217L3.36903 33.1524L10.796 35.0439C11.4117 35.202 11.7809 35.8253 11.6241 36.4423C11.4914 36.9607 11.0248 37.3059 10.514 37.3059V37.3072Z\" fill=\"#073601\"><\/path>\n  <path d=\"M31.7202 55.6697C29.5177 55.6697 27.7261 53.8351 27.7261 51.5832C27.7261 49.3314 29.5177 47.5916 31.7202 47.5916C32.3549 47.5916 32.8683 48.1075 32.8683 48.7397C32.8683 49.3718 32.3549 49.8877 31.7202 49.8877C30.7998 49.8877 30.0222 50.6628 30.0222 51.5832C30.0222 52.5859 30.7682 53.3736 31.7202 53.3736C32.6723 53.3736 33.5106 52.5543 33.5106 51.5832C33.5106 50.9511 34.0252 50.4352 34.6586 50.4352C35.2921 50.4352 35.8067 50.9511 35.8067 51.5832C35.8067 53.8351 33.9733 55.6697 31.7202 55.6697Z\" fill=\"#073601\"><\/path>\n  <path d=\"M32.6392 68.5246H32.4559C31.8212 68.5246 31.3079 68.0087 31.3079 67.3765C31.3079 66.7443 31.8212 66.2285 32.4559 66.2285C33.0906 66.2285 33.6963 66.7443 33.6963 67.3765C33.6963 68.0087 33.274 68.5246 32.6392 68.5246Z\" fill=\"#073601\"><\/path>\n  <path d=\"M42.2774 64.0259H42.0941C41.4594 64.0259 40.946 63.51 40.946 62.8778C40.946 62.2457 41.4594 61.7298 42.0941 61.7298C42.7288 61.7298 43.3344 62.2457 43.3344 62.8778C43.3344 63.51 42.9121 64.0259 42.2774 64.0259Z\" fill=\"#073601\"><\/path>\n  <path d=\"M47.7865 68.8913H47.6031C46.9684 68.8913 46.4551 68.3754 46.4551 67.7432C46.4551 67.111 46.9684 66.5952 47.6031 66.5952C48.2378 66.5952 48.8435 67.111 48.8435 67.7432C48.8435 68.3754 48.4212 68.8913 47.7865 68.8913Z\" fill=\"#073601\"><\/path>\n<\/svg>","title":"Tested Clinically","text":"<p>Porta non pulvinar neque laoreet suspendisse inte.<\/p>","link_label":"","link":"","block_color_scheme":"background-1"}}},"block_order":["template--18572285182250__a2c6b8ef-664c-4cb5-9429-59a162fcc4ae-column-1","2feef962-c64d-4513-a888-ef221eafa51d","93b081ee-f1c9-4130-8f6f-5ef4300880cb","3546bed4-f32e-471a-a6fe-8844a36a18fd"],"settings":{"page_full_width":false,"page_full_width_spacing":false,"bg-img":"shopify:\/\/shop_images\/Bg.png","title":"Our CBD Journey","heading_size":"h2","sub_heading":"","description":"Dolorum volumus molestie ea eam, ut has autem antiopam tractatos, luptatum mediocrem cum euc.","button_label":"","button_link":"","button_style_secondary":false,"column_alignment":"center","columns_desktop":4,"color_scheme":"background-1","block_styles":"grid__items","bg-transparent":true,"block_column_alignment":"center","icon_outer_size":"","icon_size":"","image_radius":"","vertical_position":"veritcal_center","padding_top":80,"padding_bottom":80,"swiper_enable":true,"desktop_column":4,"laptop_column":3,"tablet_column":2,"mobile_column":1,"swiper_pagination":false,"swiper_navigation":false,"auto_play":5,"swipe_on_mobile":true,"arrow_on_mobile":true,"columns_mobile":"1","custom_class_name":""}},"fd5f7464-30bf-4a15-8ab3-ec2bb2539d8d":{"type":"inner-page-team-section","blocks":{"template--16490675044521__fd5f7464-30bf-4a15-8ab3-ec2bb2539d8d-text-4":{"type":"text","settings":{"block_image":"shopify:\/\/shop_images\/Myst-pot4.jpg","show_content":true,"block_title":"Lohan","block_sub_title":"PRODUCT MANAGER","block_description":"","block_button_text":"","block_button_link":"","desktop_content_alignment":"center"}},"6c781006-728c-40d6-a047-82be0058e344":{"type":"text","settings":{"block_image":"shopify:\/\/shop_images\/Myst-pot2.jpg","show_content":true,"block_title":"Thomas","block_sub_title":"MANAGER","block_description":"","block_button_text":"","block_button_link":"","desktop_content_alignment":"center"}},"c62bb46d-f6b8-4f81-813c-247e9e11d326":{"type":"text","settings":{"block_image":"shopify:\/\/shop_images\/Myst-pot3.jpg","show_content":true,"block_title":"Jems","block_sub_title":"STORE KEEPER","block_description":"","block_button_text":"","block_button_link":"","desktop_content_alignment":"center"}},"f47e49b9-6c76-45ef-9309-632b14658e8b":{"type":"text","settings":{"block_image":"shopify:\/\/shop_images\/Myst-pot1.jpg","show_content":true,"block_title":"Adam Cooper","block_sub_title":"CUSTOMER SUPPORT","block_description":"","block_button_text":"","block_button_link":"","desktop_content_alignment":"center"}}},"block_order":["template--16490675044521__fd5f7464-30bf-4a15-8ab3-ec2bb2539d8d-text-4","6c781006-728c-40d6-a047-82be0058e344","c62bb46d-f6b8-4f81-813c-247e9e11d326","f47e49b9-6c76-45ef-9309-632b14658e8b"],"settings":{"page_full_width":false,"page_full_width_spacing":false,"title":"Meet Our Experts","heading_size":"h1","sub_heading":"","description":"Ornare suspendisse sed nisi lacus fames ac","button_label":"","button_link":"","button_style_secondary":false,"column_alignment":"center","background_style":"primary","team-section":"4","color_scheme":"background-1","padding_top":80,"padding_bottom":28,"custom_class_name":"","swiper_enable":true,"desktop_column":4,"tablet_column":3,"mobile_column":1,"centered_slide":false,"swiper_pagination":false,"swiper_navigation":false,"auto_play":0}}},"order":["main","breadcrumb_UiTzKT","b2db1803-0a86-42c6-bdf4-3bb0ee61f9b8","1105e642-296a-48f5-b7e6-fa5fc4a72d18","9140827b-fc23-4072-9198-fae6cf507d62","231688be-0eb2-4c54-8d5e-ff44610d5ccd","f6b8497d-f7a9-4840-b340-1bb552affae1","fd5f7464-30bf-4a15-8ab3-ec2bb2539d8d"]}