{"sections":{"main":{"type":"main-page","disabled":true,"settings":{"page_full_width":false,"page_full_width_spacing":false,"padding_top":100,"padding_bottom":40}},"3523e199-a761-460a-a57c-448b5f2ceb93":{"type":"video","settings":{"page_full_width":false,"page_full_width_spacing":false,"title":"Video banner","heading_size":"h1","sub_heading":"Sub heading","description":"Use this text to share the information which you like!.","button_label":"Button label","button_link":"","button_style_secondary":false,"column_alignment":"center","content_style":"overlay","enable_image_link":true,"block_video":"https:\/\/www.w3schools.com\/tags\/mov_bbb.mp4","video_icon_color":"rgba(0,0,0,0)","color_scheme":"background-1","padding_top":36,"padding_bottom":36}},"d012e23c-cfe6-4292-b478-a208dd8706d7":{"type":"testimonial-with-video","blocks":{"template--20365894123818__d012e23c-cfe6-4292-b478-a208dd8706d7-text-1":{"type":"text","settings":{"image":"shopify:\/\/shop_images\/1_2d433e5f-7267-46b2-92a3-b7e840c6e158.jpg","author":"Column","job_title":"john","quote":"<p>Pair text with an image to focus on your chosen product, collection, or blog post. Add details on availability, style, or even provide a review.<\/p>","link_label":"","link":""}},"template--20365894123818__d012e23c-cfe6-4292-b478-a208dd8706d7-text-2":{"type":"text","settings":{"author":"Column","job_title":"john","quote":"<p>Pair text with an image to focus on your chosen product, collection, or blog post. Add details on availability, style, or even provide a review.<\/p>","link_label":"","link":""}},"template--20365894123818__d012e23c-cfe6-4292-b478-a208dd8706d7-text-3":{"type":"text","settings":{"author":"Column","job_title":"john","quote":"<p>Pair text with an image to focus on your chosen product, collection, or blog post. Add details on availability, style, or even provide a review.<\/p>","link_label":"","link":""}}},"block_order":["template--20365894123818__d012e23c-cfe6-4292-b478-a208dd8706d7-text-1","template--20365894123818__d012e23c-cfe6-4292-b478-a208dd8706d7-text-2","template--20365894123818__d012e23c-cfe6-4292-b478-a208dd8706d7-text-3"],"settings":{"page_full_width":false,"page_full_width_spacing":false,"title":"Testimonial","heading_size":"h1","sub_heading":"Sub Heading","description":"Use this text to share the information which you like!.","button_label":"Button label","button_link":"","button_style_secondary":false,"column_alignment":"center","color_scheme":"background-1","testimonial_text_alignment":"left","cover_image":"shopify:\/\/shop_images\/2_2795be19-f765-438e-82a0-d1821b616799.jpg","video_url":"https:\/\/www.youtube.com\/watch?v=_9VUPq3SxOc","padding_top":36,"padding_bottom":36,"custom_class_name":"","desktop_column":1,"tablet_column":1,"mobile_column":1,"centered_slide":false,"swiper_pagination":false,"swiper_navigation":false,"auto_play":0}},"5daf0a42-148b-4131-8dd6-f59b1c43a26b":{"type":"video-pop-up","settings":{"page_full_width":false,"page_full_width_spacing":false,"title":"Video banner","heading_size":"h1","sub_heading":"Sub Heading","description":"Use this text to share the information which you like!.","button_label":"Button label","button_link":"","button_style_secondary":false,"column_alignment":"center","cover_image":"shopify:\/\/shop_images\/5_540x_068b8e79-cebc-4e5c-adb2-176a735b1d4a.jpg","video_url":"https:\/\/www.youtube.com\/watch?v=Y0lDGjwRYKw","alt_text":"","height":"500","color_scheme":"background-1","padding_top":36,"padding_bottom":36}},"1d933a4b-8b0b-4872-ac99-7a00b852f2bc":{"type":"marquee-section","blocks":{"template--20365894123818__1d933a4b-8b0b-4872-ac99-7a00b852f2bc-text-1":{"type":"text","settings":{"block_heading":"Main Heading"}},"template--20365894123818__1d933a4b-8b0b-4872-ac99-7a00b852f2bc-text-2":{"type":"text","settings":{"block_heading":"Main Heading"}},"template--20365894123818__1d933a4b-8b0b-4872-ac99-7a00b852f2bc-text-3":{"type":"text","settings":{"block_heading":"Main Heading"}},"template--20365894123818__1d933a4b-8b0b-4872-ac99-7a00b852f2bc-text-4":{"type":"text","settings":{"block_heading":"Main Heading"}},"template--20365894123818__1d933a4b-8b0b-4872-ac99-7a00b852f2bc-text-5":{"type":"text","settings":{"block_heading":"Main Heading"}}},"block_order":["template--20365894123818__1d933a4b-8b0b-4872-ac99-7a00b852f2bc-text-1","template--20365894123818__1d933a4b-8b0b-4872-ac99-7a00b852f2bc-text-2","template--20365894123818__1d933a4b-8b0b-4872-ac99-7a00b852f2bc-text-3","template--20365894123818__1d933a4b-8b0b-4872-ac99-7a00b852f2bc-text-4","template--20365894123818__1d933a4b-8b0b-4872-ac99-7a00b852f2bc-text-5"],"settings":{"page_full_width":true,"page_full_width_spacing":true,"speed":7,"marquee_image":"shopify:\/\/shop_images\/AdobeStock_610532217_01-02_b00c0da2-eba0-44ad-a5ad-843b99ccb3b5.jpg","color_scheme":"background-2","heading_size":"h3","gradient_text_background":"","marquee_padding":56,"padding_top":36,"padding_bottom":36}},"1287fd99-37a1-4b2e-b078-8195bd82ddc8":{"type":"testimonials","blocks":{"template--20365894123818__1287fd99-37a1-4b2e-b078-8195bd82ddc8-text-1":{"type":"text","settings":{"block_color_scheme":"background-2","author":"Column","job_title":"john","quote":"<p>Pair text with an image to focus on your chosen product, collection, or blog post. Add details on availability, style, or even provide a review.<\/p>","star":"3","link_label":"","link":""}},"6d6e134d-2e42-4edd-a3df-4d402d0c630f":{"type":"text","settings":{"block_color_scheme":"background-2","author":"Column","job_title":"john","quote":"<p>Pair text with an image to focus on your chosen product, collection, or blog post. Add details on availability, style, or even provide a review.<\/p>","star":"3","link_label":"","link":""}},"b062c84f-1909-4a6d-9ab6-e87a33263466":{"type":"text","settings":{"block_color_scheme":"background-2","author":"Column","job_title":"john","quote":"<p>Pair text with an image to focus on your chosen product, collection, or blog post. Add details on availability, style, or even provide a review.<\/p>","star":"3","link_label":"","link":""}}},"block_order":["template--20365894123818__1287fd99-37a1-4b2e-b078-8195bd82ddc8-text-1","6d6e134d-2e42-4edd-a3df-4d402d0c630f","b062c84f-1909-4a6d-9ab6-e87a33263466"],"settings":{"page_full_width":false,"page_full_width_spacing":false,"title":"Testimonial","heading_size":"h1","sub_heading":"Sub Heading","description":"Use this text to share the information which you like!.","button_label":"Button label","button_link":"","button_style_secondary":false,"column_alignment":"center","color_scheme":"background-1","testimonial_text_alignment":"left","padding_top":36,"padding_bottom":36,"custom_class_name":"","desktop_column":3,"tablet_column":1,"mobile_column":1,"centered_slide":false,"swiper_pagination":false,"swiper_navigation":false,"auto_play":0}},"5d78a1da-b477-4226-a922-802c205b7cc8":{"type":"slider-with-promo-image","blocks":{"template--20365894123818__5d78a1da-b477-4226-a922-802c205b7cc8-slide-1":{"type":"slide","settings":{"image":"shopify:\/\/shop_images\/AdobeStock_208239393_2x_e1506333-a176-4766-ad65-805d2280ce3d.jpg","mobile_image":"shopify:\/\/shop_images\/AdobeStock_208239393_2x_e1506333-a176-4766-ad65-805d2280ce3d.jpg","heading":"Image slide","heading_size":"h1","subheading":"Image sub heading","text":"Tell your brand's story through images","button_label":"Button label","link":"","button_style_secondary":false,"box_align":"middle-center","show_text_box":true,"text_alignment":"center","image_overlay_opacity":0,"color_scheme":"background-1","text_alignment_mobile":"center"}},"template--20365894123818__5d78a1da-b477-4226-a922-802c205b7cc8-slide-2":{"type":"slide","settings":{"image":"shopify:\/\/shop_images\/AdobeStock_208239393_2x_e1506333-a176-4766-ad65-805d2280ce3d.jpg","mobile_image":"shopify:\/\/shop_images\/AdobeStock_208239393_2x_e1506333-a176-4766-ad65-805d2280ce3d.jpg","heading":"Image slide","heading_size":"h1","subheading":"Image sub heading","text":"Tell your brand's story through images","button_label":"Button label","link":"","button_style_secondary":false,"box_align":"middle-center","show_text_box":true,"text_alignment":"center","image_overlay_opacity":0,"color_scheme":"background-1","text_alignment_mobile":"center"}}},"block_order":["template--20365894123818__5d78a1da-b477-4226-a922-802c205b7cc8-slide-1","template--20365894123818__5d78a1da-b477-4226-a922-802c205b7cc8-slide-2"],"settings":{"page_full_width":false,"page_full_width_spacing":false,"swiper_pagination":false,"swiper_navigation":false,"auto_play":0,"slider_effect":"slide","accessibility":"slideshow-with-promo-image about our brand","content_width":"70\/30","lap_content_width":"65\/35","tab_content_width":"50\/50","grouped_column_gap":"30","reverse_column":false,"enable_promo_block":true,"promo_block_style":"overlay","promo_height_desktop":300,"promo_height_lap":300,"promo_height_tab":300,"promo_height_mobile":300,"enable_additional_block_1":true,"image_1":"shopify:\/\/shop_images\/banner1_2x_f0a35d89-ecac-4b41-868f-2328987c600b.png","title_1":"Heading","text_1":"Short description","button_1":"Shop Now","link_1":"","enable_additional_block_2":true,"image_2":"shopify:\/\/shop_images\/2_2795be19-f765-438e-82a0-d1821b616799.jpg","title_2":"Heading","text_2":"Short description","button_2":"Shop Now","link_2":"","enable_additional_block_3":false,"title_3":"Heading","text_3":"Short Description","button_3":"Shop Now","link_3":"","padding_top":36,"padding_bottom":36}},"012c21d8-f31e-4d16-8d3d-85c259dd0774":{"type":"number-counter","blocks":{"template--20365894123818__012c21d8-f31e-4d16-8d3d-85c259dd0774-icon-1":{"type":"icon","settings":{"title":"Title","text":"Lorem ipsum dolor sit amet","value":"50","value_text":"K","column_alignment":"center"}},"template--20365894123818__012c21d8-f31e-4d16-8d3d-85c259dd0774-icon-2":{"type":"icon","settings":{"title":"Title","text":"Lorem ipsum dolor sit amet","value":"50","value_text":"K","column_alignment":"center"}},"template--20365894123818__012c21d8-f31e-4d16-8d3d-85c259dd0774-icon-3":{"type":"icon","settings":{"title":"Title","text":"Lorem ipsum dolor sit amet","value":"50","value_text":"K","column_alignment":"center"}}},"block_order":["template--20365894123818__012c21d8-f31e-4d16-8d3d-85c259dd0774-icon-1","template--20365894123818__012c21d8-f31e-4d16-8d3d-85c259dd0774-icon-2","template--20365894123818__012c21d8-f31e-4d16-8d3d-85c259dd0774-icon-3"],"settings":{"page_full_width":false,"page_full_width_spacing":false,"title":"Number Counter","heading_size":"h1","sub_heading":"Sub Heading","description":"Use This Text To Share The Information Which You Like!.","button_label":"Button label","button_link":"","button_style_secondary":false,"column_alignment":"center","columns_desktop":3,"color_scheme":"background-1","counter_style":"list","padding_top":36,"padding_bottom":36,"custom_class_name":""}},"2a3b3a3d-f27f-415a-a3cd-90258b3abd74":{"type":"home-custom-section","blocks":{"template--20365894123818__2a3b3a3d-f27f-415a-a3cd-90258b3abd74-content-1":{"type":"content","settings":{"block_heading":"Main Heading","block_sub_heading":"Sub Heading","block_description":"Use this text to share the information which you like!.","html":"<p>Enter text with html tags<\/p>","block_button_text":"","block_button_link":"","heading_position":"text-center","block_img_1":"shopify:\/\/shop_images\/3_8d18e97d-3437-42fc-b7ed-72a3a60c3831.jpg","block_img_2":"shopify:\/\/shop_images\/2_2795be19-f765-438e-82a0-d1821b616799.jpg"}},"template--20365894123818__2a3b3a3d-f27f-415a-a3cd-90258b3abd74-content-2":{"type":"content","settings":{"block_heading":"Main Heading","block_sub_heading":"Sub Heading","block_description":"Use this text to share the information which you like!.","html":"<p>Enter text with html tags<\/p>","block_button_text":"","block_button_link":"","heading_position":"text-center","block_img_1":"shopify:\/\/shop_images\/2_2795be19-f765-438e-82a0-d1821b616799.jpg","block_img_2":"shopify:\/\/shop_images\/3_8d18e97d-3437-42fc-b7ed-72a3a60c3831.jpg"}}},"block_order":["template--20365894123818__2a3b3a3d-f27f-415a-a3cd-90258b3abd74-content-1","template--20365894123818__2a3b3a3d-f27f-415a-a3cd-90258b3abd74-content-2"],"settings":{"page_full_width":false,"page_full_width_spacing":false,"title":"Home Custom Section","heading_size":"h1","sub_heading":"Sub Heading","description":"Use This Text To Share The Information Which You Like!.","button_label":"Button label","button_link":"","button_style_secondary":false,"column_alignment":"center","color_scheme":"background-2","content_width":"50\/50","lap_content_width":"50\/50","column_gap":"30","padding_top":36,"padding_bottom":36,"custom_class_name":""}},"c43fe939-b538-4d9c-b15b-e65379bd473f":{"type":"newsletter","blocks":{"template--20365894123818__c43fe939-b538-4d9c-b15b-e65379bd473f-heading-1":{"type":"heading","settings":{"heading":"Subscribe to our emails","heading_size":"h1"}},"template--20365894123818__c43fe939-b538-4d9c-b15b-e65379bd473f-paragraph-1":{"type":"paragraph","settings":{"text":"<p>Be the first to know when we launch.<\/p>","text_style":"body"}},"template--20365894123818__c43fe939-b538-4d9c-b15b-e65379bd473f-email_form-1":{"type":"email_form","settings":{}}},"block_order":["template--20365894123818__c43fe939-b538-4d9c-b15b-e65379bd473f-heading-1","template--20365894123818__c43fe939-b538-4d9c-b15b-e65379bd473f-paragraph-1","template--20365894123818__c43fe939-b538-4d9c-b15b-e65379bd473f-email_form-1"],"settings":{"page_full_width":false,"page_full_width_spacing":false,"color_scheme":"background-1","padding_top":40,"padding_bottom":52,"custom_class_name":""}},"d3af8a9f-f1c9-4307-908e-6e84f79f34fb":{"type":"masonry-banner","blocks":{"template--20365894123818__d3af8a9f-f1c9-4307-908e-6e84f79f34fb-text-1":{"type":"text","settings":{"block_image":"shopify:\/\/shop_images\/in3_360x_82fde77d-50bd-487b-8ec0-6c3edb87956d.jpg","show_image":true,"show_content":false,"block_title":"Title","block_sub_title":"Sub title","block_description":"Short description","block_button_text":"","block_button_link":"","block_text_align":"left","block_position":"center"}},"template--20365894123818__d3af8a9f-f1c9-4307-908e-6e84f79f34fb-text-2":{"type":"text","settings":{"block_image":"shopify:\/\/shop_images\/in3_360x_82fde77d-50bd-487b-8ec0-6c3edb87956d.jpg","show_image":true,"show_content":false,"block_title":"Title","block_sub_title":"Sub title","block_description":"Short description","block_button_text":"","block_button_link":"","block_text_align":"left","block_position":"center"}},"template--20365894123818__d3af8a9f-f1c9-4307-908e-6e84f79f34fb-text-3":{"type":"text","settings":{"block_image":"shopify:\/\/shop_images\/in3_360x_82fde77d-50bd-487b-8ec0-6c3edb87956d.jpg","show_image":true,"show_content":false,"block_title":"Title","block_sub_title":"Sub title","block_description":"Short description","block_button_text":"","block_button_link":"","block_text_align":"left","block_position":"center"}}},"block_order":["template--20365894123818__d3af8a9f-f1c9-4307-908e-6e84f79f34fb-text-1","template--20365894123818__d3af8a9f-f1c9-4307-908e-6e84f79f34fb-text-2","template--20365894123818__d3af8a9f-f1c9-4307-908e-6e84f79f34fb-text-3"],"settings":{"page_full_width":false,"page_full_width_spacing":false,"color_scheme":"background-1","title":"Masonry Banner","heading_size":"h1","sub_heading":"Sub Heading","description":"Use This Text To Share The Information Which You Like!.","button_label":"Button label","button_link":"","button_style_secondary":false,"column_alignment":"center","primary_image":"shopify:\/\/shop_images\/in3_360x_82fde77d-50bd-487b-8ec0-6c3edb87956d.jpg","primary_title":"Title","primary_sub_title":"Sub title","primary_description":"Short description","primary_button_text":"","primary_button_link":"","primary_text_align":"left","primary_position":"center","main_banner_style":"overlay_style","additional_banner_style":"overlay_style","content_width":"50\/50","lap_content_width":"40\/60","content_color_scheme":"background-1","block_style":"style-4","padding_top":36,"padding_bottom":36,"overlay_style_height":200,"overlay_style_height_laptop":200,"overlay_style_height_tab":200,"overlay_style_height_mobile":200,"custom_class_name":""}},"3e542278-e596-47f9-b771-9f1678e62150":{"type":"home-slider-width-tabs","blocks":{"template--20365894123818__3e542278-e596-47f9-b771-9f1678e62150-slider_tab-1":{"type":"slider_tab","settings":{"image":"shopify:\/\/shop_images\/AdobeStock_208239393_2x_e1506333-a176-4766-ad65-805d2280ce3d.jpg","mobile_image":"shopify:\/\/shop_images\/AdobeStock_208239393_2x_e1506333-a176-4766-ad65-805d2280ce3d.jpg","show_image":true,"show_content":true,"content_position":"center","text_alignment":"left","tab":"Title","main_title":"Main Heading","main_title_size":"50","sub_title":"Sub Heading","sub_title_size":"30","text":"Description","text_size":"16","link_text":"Shop Now","link":""}},"735e1f69-3745-4a5a-a5d6-559317ce16dc":{"type":"slider_tab","settings":{"image":"shopify:\/\/shop_images\/AdobeStock_208239393_2x_e1506333-a176-4766-ad65-805d2280ce3d.jpg","mobile_image":"shopify:\/\/shop_images\/AdobeStock_208239393_2x_e1506333-a176-4766-ad65-805d2280ce3d.jpg","show_image":true,"show_content":true,"content_position":"center","text_alignment":"left","tab":"Title","main_title":"Main Heading","main_title_size":"50","sub_title":"Sub Heading","sub_title_size":"30","text":"Description","text_size":"16","link_text":"Shop Now","link":""}}},"block_order":["template--20365894123818__3e542278-e596-47f9-b771-9f1678e62150-slider_tab-1","735e1f69-3745-4a5a-a5d6-559317ce16dc"],"settings":{"page_full_width":false,"page_full_width_spacing":false,"title":"Slider with tab","heading_size":"h1","sub_heading":"Sub Heading","description":"Use This Text To Share The Information Which You Like!.","button_label":"Button label","button_link":"","button_style_secondary":false,"column_alignment":"center","color_scheme":"background-1","slider_progress_title_color":"","slider_progress_bar_color":"","slider_progress_bar_bg_color":"","disable_arrows":true,"enable_two_column_block":false,"slider_height":400,"slider_height_lap":400,"slider_height_tab":600,"slider_height_mobile":350,"padding_top":36,"padding_bottom":36,"custom_class_name":""}},"d60c862e-d23e-4f61-85bd-2098004a6024":{"type":"hotspot-with-product","blocks":{"template--20365894123818__d60c862e-d23e-4f61-85bd-2098004a6024-content-1":{"type":"content","settings":{"title":"Title","text":"Featured Collection\nUse This Text To Share The Information Which You Like!.","link_text":"Shop Now","link":"","top_position":40,"left_position":40,"text_position":"on-right","content_alignment":"text-start"}},"6092c013-3d3b-49bd-9675-45cccc529cc3":{"type":"product","settings":{"product":"1-template-default","top_position":65,"left_position":57,"text_position":"on-right"}},"5a6e8fd9-693a-4cc9-aff0-6df242042f12":{"type":"product","settings":{"product":"2-template-carousel-style","top_position":68,"left_position":46,"text_position":"on-right"}}},"block_order":["template--20365894123818__d60c862e-d23e-4f61-85bd-2098004a6024-content-1","6092c013-3d3b-49bd-9675-45cccc529cc3","5a6e8fd9-693a-4cc9-aff0-6df242042f12"],"settings":{"page_full_width":false,"page_full_width_spacing":false,"color_scheme":"background-1","image_position":"second","add-to-cart-text":"","title":"Hotspot with Product","heading_size":"h1","sub_heading":"Sub Heading","description":"Use This Text To Share The Information Which You Like!.","button_label":"Button label","button_link":"","button_style_secondary":false,"column_alignment":"center","spot_image":"shopify:\/\/shop_images\/policy-image-1.png","hotspot_tooltip_style":"style-1","hotspot_style":"style-1","icon_format":"numbered","hotspot_size":36,"hotspot_outer_size":2,"hotspot_content_size":300,"hotspot_content_size_laptop":300,"hotspot_content_size_tablet":275,"custom_class_name":"","padding_top":36,"padding_bottom":36}},"b2844276-dfcf-493a-94c1-334b71ae3d68":{"type":"contact-form","settings":{"page_full_width":false,"page_full_width_spacing":false,"title":"Contact Form","heading_size":"h1","sub_heading":"Sub Heading","description":"Use This Text To Share The Information Which You Like!.","button_label":"Button label","button_link":"","button_style_secondary":false,"column_alignment":"center","color_scheme":"background-1","padding_top":36,"padding_bottom":36}},"f9ab0793-af54-4652-864b-f6d33a60eff9":{"type":"custom-liquid","settings":{"page_full_width":false,"page_full_width_spacing":false,"title":"Custom Liquid","heading_size":"h1","sub_heading":"Sub Heading","description":"Use This Text To Share The Information Which You Like!.","button_label":"Button label","button_link":"","button_style_secondary":false,"column_alignment":"center","custom_liquid":"<iframe src=\"https:\/\/snazzymaps.com\/embed\/493545\" width=\"100%\" height=\"600px\" style=\"border:none;\"><\/iframe>","color_scheme":"background-1","padding_top":40,"padding_bottom":52}},"4866dcc5-71a3-40c1-96e4-1af92f8d9dde":{"type":"home-isotope-products","settings":{"page_full_width":false,"page_full_width_spacing":false,"padding_top":36,"padding_bottom":36,"title":"Isotop product gallery","heading_size":"h1","sub_heading":"Sub Heading","description":"Use This Text To Share The Information Which You Like!.","button_label":"Button label","button_link":"","button_style_secondary":false,"column_alignment":"center","tab":"frontpage","products_to_show":8,"shop_by_tags_list":"M, S, L, XL","grid":"4","gallery_spacing":30,"custom_class_name":""}},"796c77a1-956a-4b38-9db3-a17f2bdd2128":{"type":"home-isotope-gallery","blocks":{"template--20365894123818__796c77a1-956a-4b38-9db3-a17f2bdd2128-tab-1":{"type":"tab","settings":{"image":"shopify:\/\/shop_images\/AdobeStock_610532217_01-02_b00c0da2-eba0-44ad-a5ad-843b99ccb3b5.jpg","tag":"tab1,tab2,tab3","title":"Title","text":"Separate by a comma with downcase & replace space with hyphen symbol, i.e \"sale-item, sale-off\".","link":""}},"template--20365894123818__796c77a1-956a-4b38-9db3-a17f2bdd2128-tab-2":{"type":"tab","settings":{"image":"shopify:\/\/shop_images\/141569803_417219312901458_4638470652865432174_n.jpg","tag":"tab1,tab2,tab3","title":"Title","text":"Separate by a comma with downcase & replace space with hyphen symbol, i.e \"sale-item, sale-off\".","link":""}},"template--20365894123818__796c77a1-956a-4b38-9db3-a17f2bdd2128-tab-3":{"type":"tab","settings":{"image":"shopify:\/\/shop_images\/megamenu-1.jpg","tag":"tab1,tab3","title":"Title","text":"Separate by a comma with downcase & replace space with hyphen symbol, i.e \"sale-item, sale-off\".","link":""}},"c853f833-5c65-420c-9e09-d734e8ebcd96":{"type":"tab","settings":{"image":"shopify:\/\/shop_images\/banner2_2x_2d28d6d1-19a5-4339-8fdd-cce3a7b74f6a.png","tag":"tab1,tab2,tab3","title":"Title","text":"Separate by a comma with downcase & replace space with hyphen symbol, i.e \"sale-item, sale-off\".","link":""}},"1423b947-b008-464a-90c8-1db8ca00a018":{"type":"tab","settings":{"image":"shopify:\/\/shop_images\/in4_360x_9b283deb-11cd-4403-b427-bfa3dc4287d9.jpg","tag":"tab1,tab2,tab3","title":"Title","text":"Separate by a comma with downcase & replace space with hyphen symbol, i.e \"sale-item, sale-off\".","link":""}},"f9b7f44e-3fa4-4d03-b384-ac8c528dfe6d":{"type":"tab","settings":{"image":"shopify:\/\/shop_images\/megamenu-1.jpg","tag":"tab1,tab2,tab3,tab4","title":"Title","text":"Separate by a comma with downcase & replace space with hyphen symbol, i.e \"sale-item, sale-off\".","link":""}},"5a153d26-6b66-4b51-93fa-51f6fd63f3a7":{"type":"tab","settings":{"image":"shopify:\/\/shop_images\/port3_01-02.jpg","tag":"tab1","title":"","text":"","link":""}}},"block_order":["template--20365894123818__796c77a1-956a-4b38-9db3-a17f2bdd2128-tab-1","template--20365894123818__796c77a1-956a-4b38-9db3-a17f2bdd2128-tab-2","template--20365894123818__796c77a1-956a-4b38-9db3-a17f2bdd2128-tab-3","c853f833-5c65-420c-9e09-d734e8ebcd96","1423b947-b008-464a-90c8-1db8ca00a018","f9b7f44e-3fa4-4d03-b384-ac8c528dfe6d","5a153d26-6b66-4b51-93fa-51f6fd63f3a7"],"settings":{"page_full_width":false,"page_full_width_spacing":false,"padding_top":36,"padding_bottom":36,"title":"Isotope gallery","heading_size":"h1","sub_heading":"Sub Heading","description":"Use This Text To Share The Information Which You Like!.","button_label":"Button label","button_link":"","button_style_secondary":false,"column_alignment":"center","color_scheme":"background-1","shop_by_tags_list":"Tab1, Tab2,Tab3,Tab4","grid":"4","gallery_spacing":20,"isotope_overlay_color":"","isotope_title_color":"","isotope_description_color":"","isotope_icon_bg_color":"","isotope_icon_color":"","isotope_icon_hover_bg_color":"","isotope_icon_hover_color":"","custom_class_name":""}}},"order":["main","3523e199-a761-460a-a57c-448b5f2ceb93","d012e23c-cfe6-4292-b478-a208dd8706d7","5daf0a42-148b-4131-8dd6-f59b1c43a26b","1d933a4b-8b0b-4872-ac99-7a00b852f2bc","1287fd99-37a1-4b2e-b078-8195bd82ddc8","5d78a1da-b477-4226-a922-802c205b7cc8","012c21d8-f31e-4d16-8d3d-85c259dd0774","2a3b3a3d-f27f-415a-a3cd-90258b3abd74","c43fe939-b538-4d9c-b15b-e65379bd473f","d3af8a9f-f1c9-4307-908e-6e84f79f34fb","3e542278-e596-47f9-b771-9f1678e62150","d60c862e-d23e-4f61-85bd-2098004a6024","b2844276-dfcf-493a-94c1-334b71ae3d68","f9ab0793-af54-4652-864b-f6d33a60eff9","4866dcc5-71a3-40c1-96e4-1af92f8d9dde","796c77a1-956a-4b38-9db3-a17f2bdd2128"]}