{"sections":{"20c2390c-0520-44bb-b54d-c38692a00aaa":{"type":"breadcrumb","disabled":true,"settings":{"page_full_width":false,"page_full_width_spacing":false,"use_breadcrumb_title":true,"breadcrumb_style":"center","image_overlay_opacity":40,"color_scheme":"background-1","padding_top":100,"padding_bottom":100}},"main":{"type":"main-page","settings":{"page_full_width":false,"page_full_width_spacing":false,"padding_top":40,"padding_bottom":0}},"0b8c12a8-0a65-4c8c-b88c-2a212202886f":{"type":"form-image","disabled":true,"settings":{"page_full_width":false,"page_full_width_spacing":false,"title":"Let's talk","sub_heading":"","description":"Nulla tincidunt convallis bibendum. Duis sed risus cipit justo Integer neque felis, egestas a euismod in pulvinar.","button_label":"","button_link":"","button_style_secondary":false,"column_alignment":"left","color_scheme":"background-1","custom_liquid":"<iframe src=\"https:\/\/snazzymaps.com\/embed\/493545\" width=\"100%\" height=\"400px\" style=\"border:none;\"><\/iframe>","phone_image":"shopify:\/\/shop_images\/Rectangle_12.jpg","address_heading":"","address_desc":"","collapsible_address":"No: 58 A, East Madison Street, Baltimore, MD, USA 4508","collapsible_contact_no":"+000 123 456789","collapsible_contact_id":"contact@example.com","block_alignments":"map-with-form","padding_top":0,"padding_bottom":0}},"3dfd8c2f-854c-4cb9-82a9-c921431b36d2":{"type":"contact-section","settings":{"page_full_width":false,"page_full_width_spacing":false,"title":"Reach Out to Us","heading_size":"h1","sub_heading":"","description":"Diam vulputate ut pharetra sit amet aliquam.","button_label":"","button_link":"","button_style_secondary":false,"column_alignment":"center","contact-heading_phone":"Contact Us","contact_phone_no":"+1-000-123-456789","contact-heading_address":"We Are Open","contact_address":"Mon to Sat - 08:00 - 21:00","contact-heading_social":"Follow Us On","show_social_icons":true,"padding_top":36,"padding_bottom":36,"custom_class_name":""}},"519471e0-ac8d-44e4-868c-c453a7bcb584":{"type":"custom-liquid","settings":{"page_full_width":true,"page_full_width_spacing":false,"title":"","heading_size":"h1","sub_heading":"","description":"","button_label":"","button_link":"","button_style_secondary":false,"column_alignment":"center","custom_liquid":"<iframe src=\"https:\/\/www.google.com\/maps\/embed?pb=!1m18!1m12!1m3!1d98820.85419708863!2d-76.70289723705928!3d39.28481023353261!2m3!1f0!2f0!3f0!3m2!1i1024!2i768!4f13.1!3m3!1m2!1s0x89c803aed6f483b7%3A0x44896a84223e758!2sBaltimore%2C%20MD%2C%20USA!5e0!3m2!1sen!2sin!4v1702976479086!5m2!1sen!2sin\" width=\"100%\" height=\"550\" style=\"border:0;\" allowfullscreen=\"\" loading=\"lazy\" referrerpolicy=\"no-referrer-when-downgrade\"><\/iframe>","color_scheme":"accent-1","padding_top":40,"padding_bottom":52}},"eda7986e-b52e-46f9-a9be-5a2ad26342d9":{"type":"contact-form","settings":{"page_full_width":false,"page_full_width_spacing":false,"title":"Contact Form","heading_size":"h1","sub_heading":"","description":"Diam vulputate ut pharetra sit amet aliquam.","button_label":"","button_link":"","button_style_secondary":false,"column_alignment":"center","color_scheme":"background-1","padding_top":12,"padding_bottom":48}}},"order":["20c2390c-0520-44bb-b54d-c38692a00aaa","main","0b8c12a8-0a65-4c8c-b88c-2a212202886f","3dfd8c2f-854c-4cb9-82a9-c921431b36d2","519471e0-ac8d-44e4-868c-c453a7bcb584","eda7986e-b52e-46f9-a9be-5a2ad26342d9"]}