{"sections":{"a6738616-dcfb-4038-a77e-91163f3f35ab":{"type":"breadcrumb","settings":{"page_full_width":false,"page_full_width_spacing":false,"use_breadcrumb_title":true,"breadcrumb_style":"center","image_overlay_opacity":40,"color_scheme":"background-1","padding_top":100,"padding_bottom":100}},"main":{"type":"main-product","blocks":{"title":{"type":"title","settings":{}},"7af529a1-f71e-4f71-b4a2-2ea5c524e4eb":{"type":"rating","settings":{}},"c4d6f819-c674-49bf-ac43-7620a6469198":{"type":"fake_sales","settings":{"minqty":20,"maxqty":30,"item_sold":"Sold","products":"Products in last","hours":"Hours"}},"caption":{"type":"text","settings":{"text":"Nunc vehicula quam semper odio varius tincidunt. Vestibulum ante ipsum primis in faucibus orci luctus et ultrices posue.","text_style":"body"}},"price":{"type":"price","settings":{}},"00637510-582e-4d05-973e-d45c5a8c684b":{"type":"sku","settings":{}},"f32cb9f4-b1df-46d0-bfcc-28f35ef1c978":{"type":"type","settings":{}},"dbb47920-fb30-46c1-a8c0-b89c58244295":{"type":"vendor","settings":{}},"variant_picker":{"type":"variant_picker","settings":{"picker_type":"button","picker_method":"variant_image"}},"c0bc18de-21ff-4dc6-9e7c-a6f8e4d5ee47":{"type":"sub_total","settings":{}},"0551778d-da8a-44d0-ae73-f4d5471087fd":{"type":"size-popup","settings":{"text":"Size Guide","page":"size-chart"}},"7dd6cfce-f5af-4897-9031-f8a4268b98fd":{"type":"quantity_selector","settings":{}},"buy_buttons":{"type":"buy_buttons","settings":{"show_dynamic_checkout":true,"show_gift_card_recipient":true}},"35f61623-0811-4148-bc03-b9763e0dda73":{"type":"fake_visitors","settings":{"text":"People are viewing this right now","min_count":50,"max_count":200}},"0d469897-51ad-4e90-bd90-1d728c08f544":{"type":"Html_c","settings":{"html":"<p class=\"shipping\"><svg xmlns=\"http:\/\/www.w3.org\/2000\/svg\" width=\"27.969\" height=\"21.5\" viewbox=\"0 0 27.969 21.5\">\n  <g id=\"Group_25129\" data-name=\"Group 25129\" transform=\"translate(-1025.238 -1129.238)\">\n    <rect id=\"Rectangle_8802\" data-name=\"Rectangle 8802\" width=\"26.469\" height=\"20\" rx=\"3\" transform=\"translate(1025.988 1129.988)\" fill=\"none\" stroke=\"currentcolor\" stroke-linecap=\"round\" stroke-width=\"1.5\"><\/rect>\n    <line id=\"Line_323\" data-name=\"Line 323\" x2=\"26.469\" transform=\"translate(1025.988 1134.55)\" fill=\"none\" stroke=\"currentcolor\" stroke-linecap=\"round\" stroke-width=\"1.5\"><\/line>\n    <line id=\"Line_324\" data-name=\"Line 324\" x2=\"12.4\" transform=\"translate(1031.041 1138.374)\" fill=\"none\" stroke=\"currentcolor\" stroke-linecap=\"round\" stroke-width=\"1.5\"><\/line>\n    <line id=\"Line_325\" data-name=\"Line 325\" x2=\"16.364\" transform=\"translate(1031.041 1142.115)\" fill=\"none\" stroke=\"currentcolor\" stroke-linecap=\"round\" stroke-width=\"1.5\"><\/line>\n    <line id=\"Line_326\" data-name=\"Line 326\" x2=\"13.721\" transform=\"translate(1031.041 1145.855)\" fill=\"none\" stroke=\"currentcolor\" stroke-linecap=\"round\" stroke-width=\"1.5\"><\/line>\n  <\/g>\n<\/svg><span>Free Shipping &amp; Returns:<\/span> On orders above $79<\/p>"}},"description":{"type":"description","settings":{}},"collapsible-row-1":{"type":"collapsible_tab","settings":{"heading":"Shipping Information","icon":"truck","content":"","page":"shipping-information"}},"94c2986b-d733-4b5d-a37c-a46545d5107c":{"type":"badge","settings":{"badge_label":"100% Secured Payment"}}},"block_order":["title","7af529a1-f71e-4f71-b4a2-2ea5c524e4eb","c4d6f819-c674-49bf-ac43-7620a6469198","caption","price","00637510-582e-4d05-973e-d45c5a8c684b","f32cb9f4-b1df-46d0-bfcc-28f35ef1c978","dbb47920-fb30-46c1-a8c0-b89c58244295","variant_picker","c0bc18de-21ff-4dc6-9e7c-a6f8e4d5ee47","0551778d-da8a-44d0-ae73-f4d5471087fd","7dd6cfce-f5af-4897-9031-f8a4268b98fd","buy_buttons","35f61623-0811-4148-bc03-b9763e0dda73","0d469897-51ad-4e90-bd90-1d728c08f544","description","collapsible-row-1","94c2986b-d733-4b5d-a37c-a46545d5107c"],"settings":{"page_full_width":false,"page_full_width_spacing":false,"enable_sticky_info":true,"enable_product_zoom":"zoom","gallery_layout":"thumbnail_slider","stacked_column_alignment":"two","thumb_carousel_layout":"thumbnail_slider_left","media_size":"large","meta_style":"full-width","hide_variants":false,"enable_video_looping":false,"tab_position":"bottom","tab_style":"tab","show_wishlist":true,"show_review_tab":true,"rating_script":"<div id=\"shopify-product-reviews\" data-id=\"{{product.id}}\">{{ product.metafields.spr.reviews }}<\/div>","enable_sticky_bar":true,"sidebar_settings":"no-sidebar","show_menu":true,"menu_title":"Heading","linklist":"main-menu","show_image":true,"sidebar_title":"shopping","sidebar_button":"Shop Now","sidebar_link":"\/","show_collection":true,"collection_title":"Heading","collection":"dummy-collection1","collection_limit":5,"show_carousel":false,"carousel_title":"Heading","iconwithtext":"Heading","heading_1":"Heading","heading_1_text":"Text","heading_2":"Heading","heading_2_text":"Text","heading_3":"Heading","heading_3_text":"Text","html":"","enable_enquiry":true,"enquiry_image":"shopify:\/\/shop_images\/Group_25167.png","padding_top":0,"padding_bottom":20,"display_back_in_stock":true,"notify_text":"","notify_error":"","show_adv_product":true,"choose_label":"Choose style","prev_next_products":false,"show_share":true,"share_label":"Share","show_quantity_selector":true}},"product-recommendations":{"type":"product-recommendations","settings":{"page_full_width":false,"page_full_width_spacing":false,"heading":"Recommended Products","heading_size":"h2","products_to_show":4,"desktop_column":4,"laptop_column":4,"tablet_column":3,"mobile_column":1,"centered_slide":false,"swiper_pagination":false,"swiper_navigation":false,"auto_play":0,"swipe_on_mobile":false,"arrow_on_mobile":false,"color_scheme":"background-1","image_ratio":"square","show_secondary_image":true,"show_vendor":false,"show_rating":true,"padding_top":50,"padding_bottom":0}},"recent-products":{"type":"recent-products","settings":{"heading":"Recently Viewed"}}},"order":["a6738616-dcfb-4038-a77e-91163f3f35ab","main","product-recommendations","recent-products"]}